bin_0834_0030520634.wav	 শেষ হয়েছিল দুই দশমিক তিন শতাংশ মূল্যে আজ এটা সাতশো পঞ্চাশ টাকা 
bin_0834_0142590699.wav	 জিয়াংসু শাগাং গ্রুপ চীনের বৃহত্তম বেসরকারি কোম্পানি 
bin_0834_0222598638.wav	 নুকুয়ালোফা টোঙ্গার রাজধানী 
bin_0834_0256882618.wav	 জামালপুর  ভাগলপুর মহাসড়ক ধরেই থাকুন 
bin_0834_0308229621.wav	 এটিএন্ডটি আমেরিকান বহুজাতিক টেলিযোগাযোগ কর্পোরেশন 
bin_0834_0359161381.wav	 এই ডিভাইসে কোন_pronoun ফ্ল্যাশলাইট নেই 
bin_0834_0585839058.wav	 বার্তাটি কি হবে 
bin_0834_0866722039.wav	 বক্রেশ্বর থার্মাল পাওয়ার প্লান্ট একটি বিদ্যুৎ উপযোগ বা সেবা প্রদানকারী কোম্পানি 
bin_0834_1133208080.wav	 আপনি এই কয়েক ধাপ হেঁটেছেন 
bin_0834_1208660099.wav	 মালদা 
bin_0834_1486603509.wav	 এটি পাঠান বা বাতিল বলুন অথবা টেক্সট সম্পাদনা করতে স্পর্শ করুন 
bin_0834_1513001073.wav	 এক তারবিশিষ্ট বলে_participle একে একতারা নামে অভিহিত হয় 
bin_0834_1525804908.wav	 শ্যামবাজার পাঁচ মাথার মোডে চলতে থাকুন 
bin_0834_1712167273.wav	 কলকাতায় বৃষ্টি হচ্ছে না 
bin_0834_1764973128.wav	 কুম্বলে পাঁচটি উইকেট অর্জন করেছেন 
bin_0834_1892984521.wav	 চায়না মার্চেন্টস ব্যাংক চায়নার প্রথম শেয়ার হোল্ডিং কমার্শিয়াল ব্যাংক 
bin_0834_1938961977.wav	 আমি যতদুর জানি তেমন কোন_pronoun কাজ নেই 
bin_0834_1962096123.wav	 ম্যারিকো ইন্ডিয়া গত বছর নিহার শান্তি বাদাম আমলা এবং হেয়ার কোড কেশকালা চালু করে_finite 
bin_0834_2144163271.wav	 আজ সকালে আমি সাতটার সময় উঠেছি 
bin_0834_2257629365.wav	 বার্সেলোনা ও_letter ম্যাঞ্চেস্টার ইউনাইটেড এর খেলাটি ড্র হয়েছে 
bin_0834_2723143184.wav	 এখানে শিকাগো নদীর সেতুসমূহ আছে 
bin_0834_2769356622.wav	 বের্ন সুইজারল্যান্ডের রাজধানী 
bin_0834_2860927824.wav	 শিরোনাম কি 
bin_0834_3009983813.wav	 জিএসপি ফাইন্যান্স কোম্পানি বিভিন্ন সিএসআর পালন করে_finite 
bin_0834_3018880349.wav	 উনিশ মে দুপুর তিনটায় আপনার হোটেল হিল্টনের টিকিট আছে 
bin_0834_3123533574.wav	 আপনি কোথায় যেতে চান 
bin_0834_3261872314.wav	 ক্যাব ভাড়া নেবার জন্য উবার অ্যাপ খোলা হচ্ছে 
bin_0834_3304382621.wav	 আপনি কি এটা পাঠাতে চান 
bin_0834_3504737109.wav	 চায়না কন্সট্রাকশন ব্যাংক ঊনিশশো চুয়ান্ন সালের পয়েলা অক্টোবর প্রতিষ্ঠিত হয় 
bin_0834_3596139632.wav	 আজ বেলা তিনটেতে 
bin_0834_3648160051.wav	 স্টপওয়াচ চালাচ্ছি 
bin_0834_3757677355.wav	 কলকাতা ইলেকট্রিক সাপ্লাই কোম্পানি নিরাপদ নির্ভরযোগ্য এবং টেকসই বিদ্যুৎ প্রদানের মাধ্যমে অর্থনৈতিক উন্নয়ন ও_letter সামাজিক অগ্রগতিতে অবদান করে_participle যাচ্ছে 
bin_0834_3971901390.wav	 আশ্বিনের পাঁচটি বল_verb আছে 
bin_0834_4030383867.wav	 ভারতের পশ্চিম সীমান্তে পাকিস্তান উত্তর_noun পূর্বে চীন নেপাল ও_letter ভূটান এবং পূর্বে বাংলাদেশ মায়ানমার ও_letter মালয়েশিয়া অবস্থিত 
bin_0834_4180774347.wav	 উইকিপিডিয়া অনুযায়ীঃ সবাশ ইন্ডিয়া রাজশাহী বিশ্ববিদ্যালয়ে অবস্থিত একটি কীর্তিস্তম্ভ 
bin_0834_4332479985.wav	 কলকাতা  দুর্গাপুর মহাসড়ক এ_letter থাকার জন্য মোড়ে এসে সোজা চলুন 
bin_0834_4441646076.wav	 কোহলির প্রতি ম্যাচে গড়ে দুইটি ক্যাচ রয়েছে 
bin_0834_4502326557.wav	 আমি এখনই খেলাম 
bin_0834_4566645105.wav	 পরিবহন খাতে টাটা মোটোর্স্ একটি অতি পরিচিত নাম 
bin_0834_4617858817.wav	 এইগুলো আল্পসের পর্বত 
bin_0834_4777619290.wav	 মেক্সিকো বিশ্বকাপ ম্যাচে তৃতীয় স্থানে আছে 
bin_0834_4953815265.wav	 বিরতি দেয়া হচ্ছে 
bin_0834_5012659147.wav	 দুজন বন্ধুকে নিয়ে নরেন্দ্রনাথ দক্ষিণেশ্বরে আসেন 
bin_0834_5083506726.wav	 আই এম ডি বি ডট কমে পাল্প ফিকশন একটি তারা পেয়েছে 
bin_0834_5187909722.wav	 রাজবাড়ী 
bin_0834_5260968904.wav	 আপনি শিরোনামে স্পর্শ করুন 
bin_0834_5506401657.wav	 টোকিও জাপানের রাজধানী 
bin_0834_5527198853.wav	 ইউনাইটেড এয়ারলাইন্স তিন ছয় তিন যথাযথ সময়ে আছে এটি আগামিকাল দুপুর তিন টায় ছেড়ে যাবে 
bin_0834_5788101535.wav	 অ্যাম্বার ইন্ডিয়া রেস্টুরেন্ট শুক্রবারে বন্ধ 
bin_0834_6178659838.wav	 হিন্দুস্তান মোটর কোলকাতায় অবস্থিত একটি অগ্রণী ট্রান্সপোর্ট কোম্পানি 
bin_0834_6461641489.wav	 জুরিখ ইন্স্যুরেন্স গ্রুপের সম্পদের পরিমাণ চার লাখ ছয় হাজার পাঁচ শ_letter ঊনত্রিশ মিলিয়ন ডলার 
bin_0834_6838542043.wav	 কোন_noun অ্যালার্ম অ্যাপটি 
bin_0834_6923363501.wav	 সোমবারে অ্যাম্বার ইন্ডিয়া রেস্টুরেন্ট সকাল এগারো টা থেকে বেলা তিন টে পর্যন্ত খোলা 
bin_0834_7192185207.wav	 ওয়াইফাই সেটিং খোলা হচ্ছে 
bin_0834_7406020921.wav	 দামোদর 
bin_0834_7418645360.wav	 রিলায়েন্স ইন্স্যুরেন্স মৃত্যু ব্যতিত সব ধরনের ইন্স্যুরেন্স করে_participle থাকে 
bin_0834_7467424593.wav	 চায়না ডেভেলপমেন্ট ব্যাংক মাঝারি দীর্ঘমেয়াদী অর্থায়ন সুবিধা দিয়ে দেশের উন্নয়নে সহায়তা করে_finite 
bin_0834_7693160804.wav	 জিমেলে কোন_pronoun গাড়ি ভাড়ার রিজার্ভেশন পাওয়া যায়নি 
bin_0834_7897197127.wav	 তাঁর অষ্টাদশভূজা ষোড়শভূজা দশভূজা অষ্টভূজা ও_letter চতুর্ভূজা মূর্তি দেখা যায় 
bin_0834_7908659843.wav	 বিরলা সিমেন্ট সর্বাধিক ব্যবহৃত সিমেন্ট উৎপাদন করে_finite 
bin_0834_7946966530.wav	 অ্যাম্বার ইন্ডিয়া রেস্টুরেন্ট মাউন্টেন ভিউ এর দুই দুই নয় শূন্য ওয়েস্ট এল_english ক্যামিনো রিয়াল এ_letter অবস্থিত 
bin_0834_8109605876.wav	 এইগুলো প্যারিস এর কিছু জনপ্রিয় স্থান 
bin_0834_8148014757.wav	 মহাত্মা গান্ধী রোড এ_letter থাকতে অল্প ডান দিক ধরুন 
bin_0834_8319814090.wav	 টেগোর পার্ক 
bin_0834_8333507640.wav	 কিছু বিড়াল ঠিক আছে 
bin_0834_8461052638.wav	 বের্টি ফোক্ট্‌স জার্মান জাতীয় ফুটবল দলের প্রাক্তন খেলোয়াড় ও_letter ম্যানেজার 
bin_0834_8497547188.wav	 কাজী নজরুল ইসলাম সরণি ধরে_participle ডান দিকে বাঁক নিন 
bin_0834_8581557150.wav	 আপনার পরবর্তী ফ্লাইট এয়ার ইন্ডিয়া চৌদ্দ শত বাহাত্তর 
bin_0834_8709317816.wav	 কলকাতা শহরে শিয়ালদা স্টেশনের রাস্তা খুঁজে বের করছি 
bin_0834_8787187271.wav	 জেএফকে থেকে এলএএক্স এর ইউনাইটেড এয়ারলাইনস ফ্লাইট চৌদ্দ শ_letter বাহাত্তর বিলম্বিত হয়েছে এটি পৌঁছাবে উনিশ মে দুপুর তিন টেয় 
bin_0834_8885104062.wav	 মমতা ব্যানার্জি 
bin_0834_9007774785.wav	 আপনি কাকে ভিডিও কল করতে চান 
bin_0834_9291452705.wav	 আপনিই ভালো করে_participle জানেন 
bin_0834_9576874086.wav	 কাশিপুর 
bin_0834_9613855001.wav	 জামালপুর ভাগলপুর মহাসড়ক ধরে_participle চলতে থাকুন 
bin_0834_9614132086.wav	 বেক্সিমকো টেক্সটাইল এর বানিজ্যিক প্রধান শাখা ধানমন্ডিতে অবস্থিত 
bin_0834_9639554917.wav	 এখানে লা লিগার শিডিউল দেয়া হল_verb 
bin_0834_9963876114.wav	 হাওড়া স্টেশনের উদ্দেশ্যে ন্যাভিগেট করছি 
bin_0834_9986213615.wav	 অনুরোধ বাতিল করা হচ্ছে 
bin_1010_0027589620.wav	 আগামী হোটেল রিজার্ভেশন উনিশ মে হোটেল সুন্দরবনে 
bin_1010_0068211772.wav	 উইকিপিডিয়া থেকে প্রাপ্তঃ এখন কোন_pronoun আইপিও তে বিনিয়োগ করা মোটেও কাজের হবে না 
bin_1010_0138380917.wav	 আফটার আওয়ার ট্রেডিং এ_letter গুগল দুই দশমিক তিন শতাংশ নেমে সাতশো পঞ্চাশ ডলার এ_letter ঠেকেছে 
bin_1010_0158154403.wav	 এই মুহূর্তে হোটেল আলসালাদিয়া বন্ধ আছে এবং তা সকাল এগারো টায় খুলবে 
bin_1010_0250574292.wav	 আমার মা আসতে পারবে না 
bin_1010_0275420370.wav	 কলকাতায় আর্দ্রতা নেই 
bin_1010_0283508454.wav	 মোহনবাগান এর চলতি কোন_pronoun খেলা নেই 
bin_1010_0292203787.wav	 শুক্রবারে বন্ধ থাকবে 
bin_1010_0296342397.wav	 এনটিটি গ্রুপ একটি জাপানি টেলিযোগাযোগ কোম্পানি 
bin_1010_0469305944.wav	 ড্রিউ ব্রিস পাঁচ রিসিভিং ইয়ার্ড এ_letter যেতে পেরেছে 
bin_1010_0543099194.wav	 আইডিএলসি ফাইন্যান্স বিভিন্ন আর্থিক প্রতিষ্ঠানের সহযোগিতায় গঠিত হয় 
bin_1010_0559083940.wav	 ড্রিউ ব্রীস পাঁচ বার পান্ট এন্ডিং টাচব্যাক করেছে 
bin_1010_0570439559.wav	 নারকেল ডাঙ্গা মেন রোড এ_letter থাকতে অল্প ডান দিক ধরুন 
bin_1010_0585942970.wav	 গোল্ডেন সন ইন্ডিয়া ও_letter তাইওয়ানের যৌথ উদ্যোগ পরিচালিত একটি প্রতিষ্ঠান 
bin_1010_0596494293.wav	 ফিনিক্স ইন্স্যুরেন্স কোম্পানি বিমার জগতে দৃষ্টান্ত স্থাপনকারী 
bin_1010_0627140280.wav	 রিলায়েন্স পেট্রোলিয়াম সার্ভিসেস আজ বড় প্রতিষ্ঠান 
bin_1010_0723861147.wav	 লেক রোড এর দিকে রাস্তার প্রথম চৌমাথায় বাম দিকে ঘুরুন 
bin_1010_0858442075.wav	 মাপুতো মোজাম্বিকের রাজধানী 
bin_1010_0860834266.wav	 উনত্রিশে সেপ্টেম্বর উনিশ শত বিয়াল্লিশ সালে মাতঙ্গিনী হাজরা মৃত্যুবরণ করেন 
bin_1010_0930226939.wav	 ঠিক আছে শুক্রবার আপনি কি এটা সংরক্ষণ করতে চান 
bin_1010_0945432042.wav	 উয়েফা চ্যাম্পিয়নস লিগের খেলায় বেয়ার লেভারকুজেনের বিপক্ষে পাঁচ গোল করে_participle ইতিহাস গড়েন মেসি 
bin_1010_1061733835.wav	 সিভিএস হেলথ আমেরিকান খুচরা বিক্রেতা ও_letter স্বাস্থ্যসেবা কোম্পানি 
bin_1010_1095522394.wav	 আপনার কাছে জন এর অন্য নাম্বার নেই 
bin_1010_1239636359.wav	 আমি একসম্য জ্যোতির্বিজ্ঞানি হতে চেয়েছিলাম 
bin_1010_1251956694.wav	 এ_letter এন্ড এ_letter ইনভেস্টমেন্টের বিভিন্ন পাবলিক লিস্টেড কোম্পানিতে শেয়ার আছে 
bin_1010_1257953399.wav	 এক্সিস ব্যাংক দরিদ্র ও_letter মেধাবি শিক্ষার্থীদের বৃত্তি দিয়ে থাকে 
bin_1010_1265599920.wav	 জিমেলে রেস্টুরেন্ট রিজার্ভেশন সংক্রান্ত কোন_pronoun তথ্য পাওয়া যায়নি 
bin_1010_1271720028.wav	 তিন আগস্ট দুপুর তিনটের ইন্ডিয়ান এয়ারলাইন্স তিন ছয় তিন ফ্লাইট বাতিল করা হয়েছে 
bin_1010_1289853620.wav	 তোমরা আজকেই যেতে চাইছ কেন 
bin_1010_1302353409.wav	 ইন্ডিয়ান এয়ারলাইন্স এর ফ্লাইট চৌদ্দ শত বাহাত্তর টার্মিনাল দুই থেকে ছেড়ে টার্মিনাল তিন এ_letter পৌঁছাবে 
bin_1010_1350549601.wav	 আরসা মেজর যেসব তারকা দিয়ে তৈরি সেসব যা নিয়ে 
bin_1010_1551988722.wav	 অ্যাপ চালু করা হচ্ছে 
bin_1010_1559545275.wav	 ঈশ্বরচন্দ্র বিদ্যাসাগর ঊনিশ শতকের বিশিষ্ট বাঙালি শিক্ষাবিদ সমাজ সংস্কারক ও_letter গদ্যকার 
bin_1010_1593447121.wav	 সেটা আমার জীবনের সব থেকে ভালো দিন ছিল 
bin_1010_1616072273.wav	 লাল লাল ও_letter সবুজ লাল সবুজ নীল এবং হলুদ 
bin_1010_1755587396.wav	 বাঁকুড়া পুরুলিয়া মহাসড়ক অনুসরণ করে_participle এগিয়ে যান 
bin_1010_1782322111.wav	 দুঃখিত নতুন নোটটি কি 
bin_1010_1851964363.wav	 পিডিভিএসএ ভেনিজুয়েলার রাষ্ট্রীয় মালিকানাধীন তেল এবং প্রাকৃতিক গ্যাস কোম্পানি 
bin_1010_1926291292.wav	 নভেম্বরের সাত তারিখ বেলা চারটেয় মোহামেডান ও_letter সালগাঁওকার মুখোমুখি লড়বে 
bin_1010_1944763715.wav	 শিলিগুড়ি  জলপাইগুড়ি মহাসড়ক এর সাথে এগিয়ে চলুন 
bin_1010_1995137828.wav	 এয়ার ইন্ডিয়ান এয়ারলাইন্স তিন ছয় তিন বিলম্বিত আগামিকাল দুপুর তিন টায় এসে পোঁছাবে 
bin_1010_2047193548.wav	 চায়না ন্যাশনাল বিল্ডিং মেটেরিয়ালস গ্রুপ শেয়ারহোল্ডিং কোম্পানি 
bin_1010_2069877702.wav	 রবীন্দ্রনাথ ঠাকুর 
bin_1010_2180684585.wav	 ছবিগুলো বিড়ালগুলোর অবশ্যই 
bin_1010_2210648239.wav	 হলদিয়া 
bin_1010_2244132964.wav	 ঠিক আছে সংরক্ষণ করা হচ্ছে 
bin_1010_2262631472.wav	 এইচএসবিসি একটি ব্রিটিশ বহুজাতিক ব্যাংকিং ও_letter আর্থিক সেবাদানকারি কোম্পানি 
bin_1010_2281917459.wav	 রামকৃষ্ণ পরমহংস 
bin_1010_2288573215.wav	 রয়্যাল ব্যাংক অব কানাডা কানাডার বৃহত্তম আর্থিক প্রতিষ্ঠান 
bin_1010_2350892032.wav	 কলকাতা  দুর্গাপুর মহাসড়ক এই পথে নয় 
bin_1010_2386959672.wav	 চৌমাথায় জি টি রোডের দ্বিতীয় প্রস্থান ধরুন 
bin_1010_2414369757.wav	 তিরিশ ডিগ্রি সেলসিয়াস তাপমাত্রার সাথে কালবৈশাখী 
bin_1010_2462364281.wav	 দারুণ এটা আপনার ক্যালেন্ডারে আছে 
bin_1010_2478749992.wav	 কেনা বেচার পরে গুগল দুই দশমিক তিন শতাংশ নেমে এখন সাতশো পঞ্চাশ ডলার হয়েছে 
bin_1010_2523280295.wav	 কে খেয়েছে 
bin_1010_2533797508.wav	 মোড়ে গিয়ে বাঁদিকে বেঁকে যাবেন 
bin_1010_2542797258.wav	 নিউ ইয়র্ক থেকে সানফ্রানসিসকোর দূরত্ব পাঁচ কিলোমিটার 
bin_1010_2571246926.wav	 ভিক্টোরিয়া সেশেলের রাজধানী 
bin_1010_2581277046.wav	 সবাই বলে_finite ভালোবাসা অন্ধ 
bin_1010_2675620710.wav	 এটা মঙ্গলবারে সন্ধ্যা সাতটা রিমাইন্ডার আপনি কিএটা_mispron সেট করতে চান 
bin_1010_2690398446.wav	 মহাত্মা গান্ধী রোডের সাথে চলতে থাকুন 
bin_1010_2701031770.wav	 আপনার ওয়ার্ক ঠিকানা ব্যবহার করতে সার্চ হিস্টোরি চালু করুন 
bin_1010_2720464657.wav	 দুঃখিত আপনি কি লেডি গাগার ব্যাড রোমান্স গানটা শুনতে চাচ্ছিলেন 
bin_1010_2751842943.wav	 এটি আবাহনীর পর্যায় তালিকা 
bin_1010_2789125950.wav	 আমাকে বল_noun 
bin_1010_2851042489.wav	 আপনি কি স্টার কাবাবে কল করতে চান 
bin_1010_2919624020.wav	 যাদবপুর বিশ্ববিদ্যালয় রাজা সুবোধ চন্দ্র মল্লিক রোড এ_letter অবস্থিত 
bin_1010_2986024974.wav	 পোস্কো একটি বহুজাতিক ইস্পাত তৈরির কোম্পানি 
bin_1010_3009379223.wav	 উনারা বারাক ওবামার ভাইবোন 
bin_1010_3032574300.wav	 সেন্ট জন্‌স এন্টিগুয়া ও_letter বারবুডার রাজধানী 
bin_1010_3094686841.wav	 ইওন বিশ্বের প্রতিটি মহাদেশে ছড়িয়ে আছে 
bin_1010_3166013299.wav	 ড্রিউ ব্রিস পাঁচটি সেফটি অর্জন করেছেন 
bin_1010_3195635846.wav	 মোহন বাগান ক্লাব নভেম্বরের সাত তারিখে বেলা চারটেয় ইস্ট বেঙ্গল এর সাথে খেলবে 
bin_1010_3209330364.wav	 বেঙ্গল প্রেসিডেন্সি বা বাংলা প্রেসিডেন্সি ছিল ব্রিটিশ ভারতের একটি ঔপনিবেশিক অঞ্চল 
bin_1010_3213720659.wav	 ম্যানচেস্টার ইউনাইটেড এর সাথে আর্সেনালের খেলাতে টাই হয়েছে 
bin_1010_3290869453.wav	 এই টেপ রেকর্ডারটা আমাদের ইংরাজি শেখা সহজ করে_participle দেবে 
bin_1010_3421315278.wav	 জামালপুর দুমকা মহাসড়ক ধরে_participle চলতে থাকুন 
bin_1010_3453996880.wav	 ইন্টারন্যাশনাল পেট্রোলিয়াম ইনভেস্টমেন্ট আবুধাবি সরকার দ্বারা প্রতিষ্ঠিত হয় 
bin_1010_3739870517.wav	 সকল জীবই ঈশ্বরের প্রতিভূ 
bin_1010_3752531469.wav	 শিলিগুড়ি 
bin_1010_3857108104.wav	 আপনি যাকে ই_letter মেইল করতে চাইছেন তার পরিচিতি নাও থাকতে পারে খুঁজে নিতে স্পর্শ করুন 
bin_1010_3926416281.wav	 কালিকাপুর রোড এ_letter থাকতে অল্প বাম দিক ধরুন 
bin_1010_4033252034.wav	 ধুপগুড়ি  জলপাইগুড়ি মহাসড়ক এর সাথে চলতে থাকুন 
bin_1010_4049513574.wav	 বাঞ্জ আখ মাড়াই করে_participle চিনি ইথানল ও_letter বিদ্যুৎ উৎপাদন করে_finite 
bin_1010_4067183662.wav	 এগুলো ইন্ডিয়া জাতীয় জাদুঘরে উপস্থাপিত কিছু শিল্পকর্ম 
bin_1010_4152923057.wav	 শক্তি চট্টোপাধ্যায় পেশায় একাউন্টেন্ট ছিলেন 
bin_1010_4175249603.wav	 আচার্য জগদীশ চন্দ্র বসু রোডের দিকে রাস্তার প্রথম চৌমাথায় বাম দিকে ঘুরুন 
bin_1010_4188544973.wav	 উত্তরপাড়া 
bin_1010_4251195464.wav	 এখানে আসন্ন এমন আরও খেলার খবর রইল 
bin_1010_4257950633.wav	 ড্রিউ ব্রিস এর পাঁচটি রাশিং এটেম্পট রয়েছে 
bin_1010_4268182289.wav	 বাঁকুড়া  বিষ্ণুপুর সড়কে অল্প বাম দিকে 
bin_1010_4271607702.wav	 ই_letter এম বাইপাসটি বিপদজনক 
bin_1010_4305730931.wav	 রাবাত মরোক্কোর রাজধানী 
bin_1010_4355945378.wav	 ইন্ডিয়া কানাডা ম্যাচের লাইনআপ দেয়া হল_verb 
bin_1010_4356706573.wav	 দাদা বৌদির বিরিয়ানি শুক্রবারে বন্ধ 
bin_1010_4358822175.wav	 একটি পরিচিতির নাম বলুন বা বাতিল বলে_participle নির্দেশ দিন 
bin_1010_4404971898.wav	 বাটা শুস এর ফ্যাক্টরি বাতানাগরে অবস্থিত 
bin_1010_4530024457.wav	 এখানে ইন্ডিয়া ও_letter কানাডার খেলার সময়সীমা দেয়া আছে 
bin_1010_4556939204.wav	 দিকনির্দেশনা নেয়া হচ্ছে 
bin_1010_4712230799.wav	 পাইওনিয়ার ইন্স্যুরেন্স জীবনকে নিরাপদ করে_finite 
bin_1010_4777483188.wav	 মালদার জন্য আজকের সর্বোচ্চ তাপমাত্রার পূর্বাভাস হল_verb চৌতিরিশ ডিগ্রি সেলসিয়াস 
bin_1010_4785139367.wav	 বাংলার প্রথম স্বাধীন রাজা বলা হয় শশাঙ্ককে যার রাজত্ব ছিল সাতশো শতকের গোড়ার দিকে 
bin_1010_4808193715.wav	 তালিকা সংরক্ষণ করা হচ্ছে 
bin_1010_4820972608.wav	 ইউনাইটেড এয়ারলাইনস তিন ছয় তিন এর যাত্রা বিলম্বিত হয়েছে আজকে দুপুর তিন টে তে ছাড়বে 
bin_1010_4822252573.wav	 স্টেশন রোড এ_letter কালীবাড়ী মোড়ের থেকে ডান দিক ধরুন 
bin_1010_4824650025.wav	 মহাত্মা গান্ধী রোডের জন্য ডান দিক ধরুন 
bin_1010_5089495230.wav	 ড্রিউ ব্রীস এর পাঁচটি পাস_verb ডিফেন্ড হয়েছে 
bin_1010_5099428678.wav	 উমেশ যাদব চার বল_verb করেছেন 
bin_1010_5115412096.wav	 জিবিবি পাওয়ার বেসরকারি ইলেকট্রিসিটি জেনারেশন কোম্পানি 
bin_1010_5124133376.wav	 গোল্ডেন হার্ভেস্ট এগ্রো ইন্ডাস্ট্রিজ এগ্রো প্রডাক্ট উৎপাদনকারী প্রতিষ্ঠান 
bin_1010_5168522835.wav	 উমেশ যাদব প্রতি ম্যাচে গড়ে পাঁচ উইকেট অর্জন করেছেন 
bin_1010_5286485064.wav	 আপনার জিনিসপত্র কোথায় 
bin_1010_5298982691.wav	 এই টেপ রেকর্ডারটা আমাদের ইংরাজি শেখা সহজ করে_participle দেবে 
bin_1010_5309974076.wav	 তিউনিস তিউনিসিয়ার রাজধানী 
bin_1010_5337603273.wav	 উচ্চ ক্ষমতার মাদারবোর্ড তৈরি করতে ইন্টেলের জুড়ি নাই 
bin_1010_5415494163.wav	 ওই ব্যাগটি আমার 
bin_1010_5434672963.wav	 ক্যাব ভাড়া নেবার জন্য অ্যাপ খোলা হচ্ছে 
bin_1010_5513966800.wav	 পাঞ্জাবি ট্যানারি চামড়াশিল্পের মাধ্যমে ভারতের অর্থনীতিতে প্রশংসনীয় অবদান রাখছে 
bin_1010_5524504338.wav	 ওয়ালমার্ট বিশ্বের সর্ববৃহৎ খুচরা বিক্রেতা প্রতিষ্ঠান 
bin_1010_5593828751.wav	 মোড়ে গিয়ে ডানদিকে বেঁকে যাবেন 
bin_1010_5660053330.wav	 মাহিন্দ্রা এন্ড মাহিন্দ্রা অনুকূল কর্মপরিবেশ বজায় রাখার অঙ্গীকার ব্যক্ত করেছে 
bin_1010_5907550300.wav	 ইয়েল্প দিয়ে ক্যাব বুক করা যাচ্ছে না ক্যাব বুক করতে অ্যাপ চালু হচ্ছে 
bin_1010_5916367988.wav	 নোট সংরক্ষণ করা হচ্ছে 
bin_1010_5945487261.wav	 বার্সেলোনার আসন্ন কোন_pronoun খেলা নেই 
bin_1010_5999004085.wav	 মমতা ব্যানার্জির জন্মদিন কবে 
bin_1010_6010137470.wav	 কুম্বলে পাঁচ উইকেট অর্জন করেছে 
bin_1010_6123786067.wav	 ডেভিড বেকহাম ক্যেমিরুনের পক্ষে বিশ্বকাপে খেলছেন এই হল_verb তাঁর পরিসংখ্যান 
bin_1010_6183688637.wav	 ইন্ডিয়া ও_letter পশ্চিমবঙ্গে প্রচলিত বাংলা ভাষার মধ্যে ব্যবহার উচ্চারণ ও_letter ধ্বনিতত্ত্বের সামান্য পার্থক্য রয়েছে 
bin_1010_6227433446.wav	 ডিসপ্লে সেটিং খোলা হচ্ছে 
bin_1010_6236678030.wav	 পরবর্তী রিজার্ভেশন হল_verb উনিশ মে হোটেল হিল্টনে 
bin_1010_6343128987.wav	 চুচুড়া 
bin_1010_6351510818.wav	 লেনিন সরণী তে ডান দিকে বাঁক নিন 
bin_1010_6361290822.wav	 নরেন্দ্রপুরের 
bin_1010_6426578683.wav	 দশ মাইলের বেশি দূরত্বে অবস্থিত স্টারবাক্সের তালিকা দেয়া হল_verb 
bin_1010_6458934655.wav	 আলজিয়ার্স আলজেরিয়ার রাজধানী 
bin_1010_6478453489.wav	 এখানে ইন্ডিয়া  কেনাডার খেলার পরিসংখ্যান দেয়া আছে 
bin_1010_6492993584.wav	 বঙ্কিমচন্দ্র চট্টোপাধ্যায় উনিশ শতকের বাঙালি সাহিত্যিক ও_letter সাংবাদিক 
bin_1010_6497876565.wav	 ইন্ডাস্ট্রিয়াল এন্ড কমার্স ব্যাংক অব চায়না মোট সম্পদ এবং বাজার মূলধন বিবেচনায় বিশ্বের বৃহত্তম ব্যাংক 
bin_1010_6567257490.wav	 প্রথমটি 
bin_1010_6569298015.wav	 আমি সবসময়েই রহস্যময় চরিত্রদের একটু বেশিই পছন্দ করি 
bin_1010_6584153961.wav	 দুই পাঁচ পাঁচ পাঁচ  এগারো এক এক দুই তিন চার এ_letter কল করা হচ্ছে 
bin_1010_6745426080.wav	 এই দলের অধিনায়ক গৌতম গম্ভীর ও_letter কোচ ট্রেভর বেলিস 
bin_1010_6842958073.wav	 সুক্রে বলিভিয়ার রাজধানী 
bin_1010_6978513150.wav	 এসএআইসি মোটর একটি চীনা সরকারি মালিকানাধীন গাড়ি কোম্পানি 
bin_1010_6987782703.wav	 বার্সেলোনা ও_letter ম্যানচেস্টার ইউনাইটেডের খেলাটি টাই হয়েছে 
bin_1010_7000516056.wav	 স্টিল এন্টারপ্রাইজ ব্রিটেন ভিত্তিক প্রতিষ্ঠান 
bin_1010_7008056507.wav	 জেমস লং সরণীতে বাম দিকে বাঁক নিন 
bin_1010_7034781204.wav	 তারা পাঁচ উইকেটে জিতে গেছে 
bin_1010_7064322653.wav	 রামপুরহাট  স্নায়িথিয়া মহাসড়কে বাম দিকে বাঁক নিন 
bin_1010_7233748144.wav	 ভারতের জনপ্রিয় আকর্ষণগুলোর ভেতর আছে 
bin_1010_7243016483.wav	 এল_english আল দুটো ই_letter যথাসময়ে আছে এবং তিন ঘন্টা কুড়ি মিনিটে ছাড়বে 
bin_1010_7261808060.wav	 পিকনিক গার্ডেন রোড এর সাথে চলতে থাকুন 
bin_1010_7387069943.wav	 কোন_noun জন 
bin_1010_7399009683.wav	 চৌদ্দ ফেব্রুয়ারি দুই হাজার তের বৃহস্পতিবার ভালবাসা দিবস শুরু হয়েছিল এবং শেষ হয়েছিল চৌদ্দ ফেব্রুয়ারি দুই হাজার তেরবৃহস্পতিবারে 
bin_1010_7457985118.wav	 আচ্ছা এখন সব ঠিক আছে 
bin_1010_7529879898.wav	 ঢাকুরিয়া ফ্লাইওভার পর্যন্ত সোজা চলতে থাকুন 
bin_1010_7691694585.wav	 এক হাজার ছয় শ_letter আম্ফিথিয়েটার পার্কওয়ের রাস্তা জানতে চান 
bin_1010_7737507330.wav	 অবশ্যই  আপনার নোটটি কি 
bin_1010_7770875940.wav	 ম্যাসেজ বাতিল করা হল_verb 
bin_1010_7773929909.wav	 প্যান্টালুন উচ্চমানের বুনন বস্ত্র উৎপাদন এবং বিক্রি করে_finite 
bin_1010_7785853303.wav	 বাকু আজারবাইজানের রাজধানী 
bin_1010_7908132902.wav	 বড়বাজার 
bin_1010_7913212265.wav	 স্বামী বিবেকানন্দ ভারতীয় উপমহাদেশের একজন স্মরণীয় বাঙালি ব্যক্তিত্ব বহুভাষাবিদ বিশিষ্ট শিক্ষক ও_letter দার্শনিক ছিলেন 
bin_1010_7934988490.wav	 জামালপুর ভাগলপুর মহাসড়কের দক্ষিণ পূর্বে মুখ করে_participle এগিয়ে যান 
bin_1010_8038750669.wav	 রেমন্ড জুট মিলস নানান ধরনের পাটজাত পণ্য তৈরি করে_finite 
bin_1010_8096727493.wav	 রামকৃষ্ণ পরমহংস ঊনবিংশ শতকের এক প্রখ্যাত ভারতীয় বাঙালি যোগসাধক দার্শনিক ও_letter ধর্মগুরু 
bin_1010_8125323673.wav	 এস_en এন্ড পি পাঁচ শুন্য শুন্য এর মুল্য এক হাজার চারশ পঞ্চাশ মার্কিন ডলার উঠেছে 
bin_1010_8149198197.wav	 ঈয়েল্প ডাউনলোড করা হচ্ছে 
bin_1010_8169198146.wav	 কি ব্যাপারে আপনাকে মনে করাবো ব্যাখ্যা করুন 
bin_1010_8210749495.wav	 ইন্দিরা গান্ধী সম্পর্কে কিছু তথ্য এখানে দেয়া হল_verb 
bin_1010_8254619504.wav	 বার্সেলোনা চেলসি এর থেকে প্রথম হাফে দুই শুন্যে এগিয়ে 
bin_1010_8351253328.wav	 কেয়া ডেভেলপারস দেশের বিভিন্ন স্থানে স্থাপত্য তৈরি করে_participle থাকে 
bin_1010_8353505323.wav	 ইন্ডিয়ান এয়ারলাইন্স এর ফ্লাইট চৌদ্দ শত বাহাত্তর ওসমানী বিমানবন্দর থেকে যাত্রা করেছে 
bin_1010_8428989425.wav	 চায়না ইউনাইটেড নেটওয়ার্ক কমিউনিকেশনস একটি চীনা রাষ্ট্রীয় টেলিযোগাযোগ অপারেটর 
bin_1010_8431555484.wav	 রাত্রি দশ টা পর্যন্ত খোলা থাকবে 
bin_1010_8464504716.wav	 এই সাক্ষাৎ নরেন্দ্রনাথের জীবনে একটি বিশেষ গুরুত্বপূর্ণ ঘটনা 
bin_1010_8693060734.wav	 এখান থেকে নেক্সাস পাঁচ এর কোন_pronoun রিভিউ পাওয়া যাবে না 
bin_1010_8781940792.wav	 ইন্ডিয়ান প্রিমিয়ার লীগ হল_verb ভারত এর একটি পেশাদার টুয়েন্টি টুয়েন্টি ক্রিকেট লিগ প্রতিযোগিতা 
bin_1010_8794477510.wav	 ব্রাসেল্‌স বেলজিয়ামের রাজধানী 
bin_1010_8799194134.wav	 স্বামী বিবেকানন্দের পিতৃদত্ত নাম ছিল নরেন্দ্রনাথ দত্ত 
bin_1010_8914516051.wav	 আজ নিউইয়র্ক এ_letter চৌত্রিশ ডিগ্রি সেলসিয়াস তাপমাত্রা আশা করা যায় 
bin_1010_9052675983.wav	 ব্যক্তিটিকে সনাক্ত করা যায় নি যোগাযোগ পাওয়ার জন্য স্পর্শ করুন 
bin_1010_9071259177.wav	 কুম্বলের দীর্ঘতম রান আপ চৌদ্দ মিটার 
bin_1010_9124328818.wav	 বার্সেলোনা নভেম্বরের সাত তারিখে বেলা চারটেয় দা চেলসি এর সাথে খেলবে 
bin_1010_9131759390.wav	 অ্যালার্ম কটায় 
bin_1010_9192607795.wav	 ইন্ডিয়া বিশ্বকাপ বিজয়ী দল তারা অস্ট্রেলিয়া কে তেরীশ রানে চূড়ান্ত পর্বে হারিয়েছে 
bin_1010_9273760965.wav	 আপনাকে আবার দেখে ভালো লাগলো 
bin_1010_9299962877.wav	 ইন্ডিয়ান প্রিমিয়ার লীগের তালিকায় কলকাতা নাইট রাইডার্স প্রথম অবস্থানে আছে 
bin_1010_9301950113.wav	 আস্তানা কাজাখস্তানের রাজধানী 
bin_1010_9320416273.wav	 জওহরলাল নেহেরু সড়কে বাম দিকে চলুন 
bin_1010_9373084809.wav	 দিগ জ্যাম ভারতের অন্যতম বৃহত্তম টেক্সটাইল মিল 
bin_1010_9435213418.wav	 রামপুরহাট ফতেপুর গদাধরপুর মহাসড়ক ধরে_participle চলতে থাকুন 
bin_1010_9446402540.wav	 আমরা জলখাবারের জন্য প্যানকেক বানিয়েছিলাম 
bin_1010_9452942397.wav	 আমার মনে হয় আপনার আমার কোন_pronoun সাহায্য লাগবে না 
bin_1010_9502349865.wav	 আজ দুই দশমিক তিন শতাংশ বৃদ্ধি পেয়ে মূল্য সাতশো পঞ্চাশ টাকাতে শেষ হয়েছে 
bin_1010_9546750242.wav	 সাগর সেনের কষ্ট গানটা চালাতে চান 
bin_1010_9556719653.wav	 এই সিনেমাগুলো স্টার সিনেপ্লেক্সে চলছে 
bin_1010_9567207739.wav	 বেস্ট বাই এ_letter নিকন ডি তিন হাজার দুই শ_letter এর মুল্য চারশ উনচল্লিশ ডলার থেকে শুরু 
bin_1010_9570482527.wav	 ন্যাশনাল টিউবস পণ্যের মান_noun নিশ্চিত করে_participle বাজারে পণ্য ছাড়ে 
bin_1010_9678154532.wav	 পিপলস ইন্স্যুরেন্স অব চায়না ছেষট্টি বছর আগে ব্যবসা চালু করে_finite 
bin_1010_9797440999.wav	 সিটিগ্রুপ একটি আমেরিকান বহুজাতিক ব্যাংকিং ও_letter আর্থিক সেবা প্রদানকারি প্রতিষ্ঠান 
bin_1010_9811186213.wav	 এখানে মেক্সিকো ও_letter ক্যামেরুনের খেলার পরিসংখ্যান দেয়া আছে 
bin_1010_9839305310.wav	 নেতাজি সুভাষ চন্দ্র বোসের পিতা জানকীনাথ বোস 
bin_1010_9845043292.wav	 মেক্সিকো ওয়ার্ল্ড কাপের কোয়ার্টার ফাইনালে পৌঁছেছে 
bin_1010_9865050099.wav	 ভারতের প্রধানমন্ত্রী হচ্ছে নরেন্দ্র মোদী 
bin_1010_9866142890.wav	 আমি আমার টিকিটটি নিশ্চিত করতে চাই 
bin_1010_9866851706.wav	 প্রিন্সেপ ঘাট 
bin_1010_9918464002.wav	 দুই দশমিক তিন শতাংশ বেড়ে সাতশো পঞ্চাশ ডলার হবার পর দাম থেমে আছে 
bin_1010_9945614441.wav	 দুঃখিত আপনি কি কষ্ট এ্যালবামের গান শুনতে চান 
bin_1010_9978980641.wav	 চন্দননগর  কলকাতা মহাসড়কে থাকতে ডান দিক ধরুন 
bin_3108_0052406600.wav	 এক হাজার ছয় শ_letter আম্ফিথিয়েটার পার্কওয়ের রাস্তা জানতে চান 
bin_3108_0148960281.wav	 ঈশ্বরচন্দ্র বিদ্যাসাগর ঊনিশ শতকের বিশিষ্ট বাঙালি শিক্ষাবিদ সমাজ সংস্কারক ও_letter গদ্যকার 
bin_3108_0191589049.wav	 ইমেল পাঠাচ্ছি 
bin_3108_0235790084.wav	 ভাল্লেত্তা মাল্টার রাজধানী 
bin_3108_0251779616.wav	 সারায়েভো বসনিয়া ও_letter হার্জেগোভিনার রাজধানী 
bin_3108_0254450959.wav	 কলকাতা  দুর্গাপুর মহাসড়ক এ_letter থাকতে অল্প বাম দিক ধরুন 
bin_3108_0359706026.wav	 হ্যা 
bin_3108_0368232570.wav	 পরে তিনি মার্কিন যুক্তরাষ্ট্রে গিয়ে আঠারশো তিরানব্বই সালের বিশ্ব ধর্ম মহাসভায় ভারত ও_letter হিন্দুধর্মের প্রতিনিধিত্ব করেন 
bin_3108_0416285865.wav	 বিরলা সিমেন্ট সর্বাধিক ব্যবহৃত সিমেন্ট উৎপাদন করে_finite 
bin_3108_0566033375.wav	 আফটার আওয়ার ট্রেডিং এ_letter গুগল দুই দশমিক তিন শতাংশ নেমে সাতশো পঞ্চাশ ডলার এ_letter ঠেকেছে 
bin_3108_0646545693.wav	 মূল্য দুই দশমিক তিন শতাংশ বৃদ্ধি পেয়ে সাতশো পঞ্চাশ ডলারে শেষ হয়েছে 
bin_3108_0661781106.wav	 মালদা 
bin_3108_0734982047.wav	 বাঁকুড়া  বিষ্ণুপুর সড়ক থেকে অল্প বাম দিকে 
bin_3108_0826644568.wav	 অ্যাম্বার ইন্ডিয়া রেস্টুরেন্ট এখন বন্ধ এবং সোমবার সকাল এগারো টায় খুলবে 
bin_3108_0828140994.wav	 তারা পাঁচ রানের ব্যবধানে জিতেছে 
bin_3108_0834084203.wav	 দুঃখিত আপনি কি এই রিমাইন্ডারটি সংরক্ষণ করতে চান 
bin_3108_0841177945.wav	 দুঃখিত আপনি কি আমি কষ্ট পেতে ভালোবাসি গানটি শুনতে চান 
bin_3108_0841377275.wav	 ডাউ কেমিক্যাল আমেরিকান কেমিক্যাল কাউন্সিলের সদস্য 
bin_3108_0847695376.wav	 ড্রিউ ব্রীস এর পাঁচটি পাস_verb ডিফেন্ড হয়েছে 
bin_3108_0851696697.wav	 আমার মনে হচ্ছে ট্রেনটা দেরী করছে 
bin_3108_0914539778.wav	 মানুষের সেবা করলেই ঈশ্বরের সেবা করা হয় 
bin_3108_0941305674.wav	 কনফিডেন্স সিমেন্ট ভারতের সিমেন্ট শিল্পের এক অনন্য নাম 
bin_3108_0984482129.wav	 সান্তিয়াগো চিলির রাজধানী 
bin_3108_1054008356.wav	 পাখি কে মোবাইল এ_letter ভিডিও কল করা হচ্ছে 
bin_3108_1081508486.wav	 এটা আরসালানের ঠিকানা 
bin_3108_1152750829.wav	 উনিশ মে দুপুর তিনটায় আপনার হোটেল হিল্টনের টিকিট আছে 
bin_3108_1166597291.wav	 আপনার মঙ্গলবারের রিমাইন্ডার আপনি কি এটা সেট করতে চান 
bin_3108_1185762757.wav	 টোকিও জাপানের রাজধানী 
bin_3108_1201848752.wav	 আমুল মিল্ক বিভিন্ন সাইজের গুড়ো দুধ উৎপাদন করে_finite 
bin_3108_1287737016.wav	 ফাইনালে এখনও কোন_pronoun টিম এগোতে পারেনি 
bin_3108_1304799643.wav	 হোচিমিন সরণী দিয়ে উত্তর_noun পশ্চিম দিকে মুখ করে_participle এগিয়ে যান 
bin_3108_1372126225.wav	 কখনো মন খারাপ কখনো সময় নেই আর বিশেষ করে_participle ফেসবুক অনেক সময় কেড়ে নিচ্ছে 
bin_3108_1462538700.wav	 আপনার পরবর্তী ইভেন্ট আজ বেলা তিনটেতে হোটেল সোনার এ_letter 
bin_3108_1496206998.wav	 কিছু বিড়ালের ছবি 
bin_3108_1514114732.wav	 লিবার্টি মিউচুয়াল ইন্স্যুরেন্স গ্রুপ একটি আমেরিকান বিমা কোম্পনি 
bin_3108_1652292591.wav	 রিগা লাতভিয়ার রাজধানী 
bin_3108_1767783839.wav	 ই_letter এম বাইপাসটি বিপদজনক 
bin_3108_1846698794.wav	 আর্থিক খাতের প্রতিষ্ঠান ফার্স্ট ফাইন্যান্স লিমিটেড এ_letter থেকে বি ক্যাটাগরিতে নেমে গেছে 
bin_3108_1877938605.wav	 স্যামসন এইচ চৌধুরী তার তিনজন বন্ধুকে নিয়ে স্কয়ার ফার্মাসিউটিক্যালস প্রতিষ্ঠা করেন 
bin_3108_2041713292.wav	 অ্যাঞ্জেলিনা জোলি একজন জনপ্রিয় মার্কিন চলচ্চিত্র অভিনেত্রী 
bin_3108_2097109676.wav	 সি আই টি রোড পর্যন্ত সোজা চলুন 
bin_3108_2112155074.wav	 আমি এখনো বুঝতে পারিনি আপনি দিন ও_letter সময় বলতে পারেন যেমন শনিবার বেলা তিনটে 
bin_3108_2120662901.wav	 সুনীল গঙ্গোপাধ্যায় 
bin_3108_2124990799.wav	 আজ কোন_pronoun মূল্য পরিবর্তন না হয়ে সাতশো পঞ্চাশ ডলারে শেষ হয়েছে 
bin_3108_2149339031.wav	 আইএনজি গ্রুপ একটি ডাচ বহুজাতিক ব্যাংকিং ও_letter আর্থিক সেবাদানকারি প্রতিষ্ঠান 
bin_3108_2207053057.wav	 আপনি কাকে খুঁজতে চান 
bin_3108_2210851253.wav	 মমতা ব্যানার্জির জন্মদিন কবে 
bin_3108_2227337192.wav	 আপনার তাকে পরামর্শের জন্য জিজ্ঞাসা করা উচিৎ 
bin_3108_2263086264.wav	 মমতা ব্যানার্জি পাঁচ ই_letter জানুয়ারী উনিশো পঞ্চান্ন সালে জন্ম গ্রহণ করেন 
bin_3108_2321815973.wav	 আমি এখনও বুঝতে পারিনি এই ইভেন্ট সংরক্ষণ করতে হ্যাঁ বলুন অথবা বাতিল 
bin_3108_2322810490.wav	 এ_letter বার মৃত্যুদিবস পালন করা হল_verb নাথুরাম গডসের 
bin_3108_2361244418.wav	 অসলো নরওয়ের রাজধানী 
bin_3108_2408549844.wav	 ব্যক্তিটিকে সনাক্ত করা যায় নি যোগাযোগ পাওয়ার জন্য স্পর্শ করুন 
bin_3108_2424437217.wav	 আচার্য প্রফুল্ল চন্দ্র রোড এ_letter অকস্মাত্ বাম দিকে 
bin_3108_2430464920.wav	 ওয়ার্ল্ডকাপ কোয়ার্টার ফাইনালে মেক্সিকো বাদ পড়ে গিয়েছিল 
bin_3108_2432920281.wav	 রাজবাড়ী 
bin_3108_2528756700.wav	 তুমি একলা পিয়ানোটা তুলতে পারবে না 
bin_3108_2537634696.wav	 তারা পাঁচ উইকেটে জিতেছে 
bin_3108_2549800919.wav	 এন্টালি 
bin_3108_2552411820.wav	 ইনি ইতালি মধ্যে বৃহত্তম কোম্পানি এবং আয়ের দিক থেকে বিশ্বের বিশ তম কোম্পানি 
bin_3108_2604065623.wav	 জেমস লং সরণীতে ডান দিকে বাঁক নিন 
bin_3108_2619160347.wav	 মানিকতলা 
bin_3108_2705318118.wav	 হ্যাঁ কলকাতায় আগামী সোমবার বৃষ্টিপাত হতে পারে 
bin_3108_2802374423.wav	 সিটি জেনারেল ইনস্যুরেন্স কোম্পানি বাংলাদেশের কিছু বিশিষ্ট বাণিজ্যিক ব্যক্তিত্ব শিল্পপতি ও_letter ব্যাংকার দ্বারা পৃষ্ঠপোষকতা করা হয় 
bin_3108_2812342127.wav	 মাস্টারদা সূর্য সেন স্বাধীনতা সংগ্রামের অন্যতম শহীদ 
bin_3108_2834444378.wav	 আপনার পরবর্তী ফ্লাইট এয়ার ইন্ডিয়া চৌদ্দ শত বাহাত্তর 
bin_3108_2847668607.wav	 কলকাতা শহরে শিয়ালদা স্টেশনের রাস্তা খুঁজে বের করছি 
bin_3108_2853526279.wav	 গ্লোবাল ইন্স্যুরেন্স গ্রাহক সেবায় এগিয়ে থাকতে প্রস্তুত 
bin_3108_2890946490.wav	 জিমেলে রেস্টুরেন্ট রিজার্ভেশন সংক্রান্ত কোন_pronoun তথ্য পাওয়া যায়নি 
bin_3108_2917768019.wav	 বাজছেঃ মহিনের ঘোড়াগুলির পৃথিবীটা নাকি 
bin_3108_2947680357.wav	 লুক্সেমবুর্গ লুক্সেমবুর্গের রাজধানী 
bin_3108_2953929694.wav	 পিফাইজার একটি আমেরিকান বহুজাতিক ফার্মাসিউটিক্যাল কর্পোরেশন 
bin_3108_2959828182.wav	 যেহেতু এই ব্যক্তিকে খুঁজে পাওয়া যাচ্ছে না তাই পর্দাতে দেখানো যে কোন_pronoun পরিচিতি বেছে নিন 
bin_3108_3006407601.wav	 এই দিনগুলোতে রঘুনাথ্গঞ্জে সূর্যাস্ত হয়নি 
bin_3108_3018093425.wav	 কলকাতায় তাপমাত্রা চৌতিরিশ ডিগ্রি সেলসিয়াস এবং তার সাথে ভারী বৃষ্টিপাত হতে পারে 
bin_3108_3032368786.wav	 টাটা আয়রন এন্ড স্টিল কোম্পানি পঁচিশে অগাস্ট উনিশ শত সাত সালে স্থাপিত হযেছিল 
bin_3108_3087497644.wav	 আমি কিছু চিজ কিনতে চাই 
bin_3108_3120478007.wav	 চুচুড়া 
bin_3108_3267384936.wav	 দুঃখিত আপনি কি দা ফেম মন্সটার এ্যালবামের গান শুনতে চান 
bin_3108_3304298290.wav	 গ্লস্টার জুট মিলস একটি পাবলিক কোম্পানি হিসেবে পাটের সুতো ও_letter দড়ি উৎপাদনের সঙ্গে সংশ্লিষ্ট 
bin_3108_3352484179.wav	 বাড়ির দিকে ন্যাভিগ্যাট করা হচ্ছে 
bin_3108_3416216134.wav	 অতুলপ্রসাদ সেন ছিলেন ব্রিটিশ ভারবর্ষে ঊনবিংশ শতাব্দীতে আবির্ভুত একজন বিশিষ্ট বাঙালি গীতিকার 
bin_3108_3427519396.wav	 স্টেশন রোড এ_letter কালীবাড়ী মোড় পৌছে ডান দিক ধরুন 
bin_3108_3473825933.wav	 চৌমাথায় কাজী নজরুল ইসলাম সরণির প্রথম প্রস্থান ধরুন 
bin_3108_3514464119.wav	 রেমন্ড এর মার্কেট ক্যাপ এখানে নেই 
bin_3108_3538780476.wav	 উমেশ যাদব প্রতি ম্যাচে গড়ে পাঁচ উইকেট অর্জন করেছেন 
bin_3108_3576296054.wav	 আপনি কি স্টার কাবাবে কল করতে চান 
bin_3108_3583181984.wav	 হকি দুই দলের মধ্যে খেলা হয় এমন খেলার গোত্রীয় একটি খেলা 
bin_3108_3669077391.wav	 ছবি তোলার জন্য ইয়েল্প ডাউনলোড করা হচ্ছে 
bin_3108_3743104339.wav	 লালন বহুমুখী প্রতিভার অধিকারী একজন বাঙালি 
bin_3108_3924667311.wav	 কোন_noun ঠিকানা 
bin_3108_3935238359.wav	 ডিজনি থিম পার্ক শিশুদের কাছে অনেক প্রিয় 
bin_3108_3960828184.wav	 মাইনাস চৌত্রিশ ডিগ্রি সেলসিয়াস তাপমাত্রায় তুষারপাত হচ্ছে 
bin_3108_3983720415.wav	 কলকাতা মহানগর এলাকার জনসংখ্যা প্রায় পঞ্চান্ন লক্ষ 
bin_3108_4034256298.wav	 মেক্সিকো ওয়ার্ল্ড কাপের কোয়ার্টার ফাইনালে পৌঁছেছে 
bin_3108_4039468974.wav	 চৌমাথায় প্রথম প্রস্থান ধরুন এবং বহরমপুর  পলাশী মহাসড়ক এ_letter থাকুন 
bin_3108_4187265332.wav	 মেলেকেওক পালাউর রাজধানী 
bin_3108_4191182810.wav	 কার্শিয়াং 
bin_3108_4218489598.wav	 দামোদর 
bin_3108_4232073083.wav	 মোশাররফ স্পিনিং মিলস রপ্তানিমুখী একটি গার্মেন্টস কোম্পানি 
bin_3108_4265047337.wav	 এইগুলো গনেশ পাইনের এর কাজ 
bin_3108_4299187496.wav	 সৌমিত্র চট্টোপাধ্যায় একজন ভারতীয় বাঙালি চলচ্চিত্র অভিনেতা 
bin_3108_4354519427.wav	 কলকাতায় আজকে আদ্রতা বারো শতাংশ 
bin_3108_4428587187.wav	 অষ্টাদশ শতাব্দীর পূর্বে বাংলা ব্যাকরণ রচনার কোন_pronoun উদ্যোগ নেওয়া হয়নি 
bin_3108_4433711906.wav	 উমেশ যাদব চার বল_verb করেছেন 
bin_3108_4473808993.wav	 মতিঝিলে থাকতে অল্প ডান দিক ধরুন 
bin_3108_4611645750.wav	 আমি এখনও এটা বুঝিনি আরো একবার বলুন 
bin_3108_4670246061.wav	 আপনি সবসময় অভিযোগ করেন 
bin_3108_4757893285.wav	 এখানে ডক্টর হুর উল্লেখযোগ্য অংশ দেয়া হল_verb 
bin_3108_4790083198.wav	 বাড়ি কাজের জায়গা নাকি মোবাইল ফোনের 
bin_3108_4937867443.wav	 হাওড়া স্টেশনের উদ্দেশ্যে ন্যাভিগেট করছি 
bin_3108_4946759375.wav	 চলচ্চিত্র নির্মাতা হিসেবে সত্যজিৎ রায় ছিলেন বহুমুখী এবং তাঁর কাজের পরিমাণ বিপুল 
bin_3108_5033493850.wav	 জেনারেল ইলেকট্রিক বাজারে মূলধন সংগ্রহের দিক দিয়ে পৃথিবীর দ্বিতীয় বৃহত্তম কোম্পানি 
bin_3108_5087009518.wav	 বেস্ট বাই এ_letter নিকন ডি তিন হাজার দুই শ_letter এর মুল্য চারশ উনচল্লিশ ডলার থেকে শুরু 
bin_3108_5225943361.wav	 উনারা বারাক ওবামার ভাইবোন 
bin_3108_5238458958.wav	 বিড়ালের ছবিগুলো দেখুন 
bin_3108_5246444332.wav	 গুগল এখন আফটার আওয়ার ট্রেডিংয়ে সাতশ পাঁচ ডলার রাখছে 
bin_3108_5281988684.wav	 বার্সেলোনা ম্যানচেস্টার ইউনাইটেড থেকে চৌতিরিশ  তেইশ এ_letter এগিয়ে আছে 
bin_3108_5336337093.wav	 ইউনিক হোটেল এন্ড রিসোর্ট ভারতে ওয়েস্টিন হোটেলের যাত্রা শুরু করে_finite 
bin_3108_5361471940.wav	 ডানলপ ব্রিজ  রবীন্দ্রনাথ টেগোর রোড এ_letter বাম দিকে এগিয়ে যান 
bin_3108_5450912026.wav	 একজন সাধারণ লোকের মতো বোধ হইল কিছু অসাধারণত্ব দেখিলাম না 
bin_3108_5461473481.wav	 কোননগর 
bin_3108_5506595103.wav	 কাল_noun আপনি এই সময় কি করবেন 
bin_3108_5513130620.wav	 বাটা শুস এর ফ্যাক্টরি বাতানাগরে অবস্থিত 
bin_3108_5548629668.wav	 টম কি তনুজার সাথে এখন দেখা করতে চায় 
bin_3108_5613133565.wav	 কলকাতার তাপমাত্রা আজ সর্বোচ্চ চৌতিরিশ ডিগ্রী সেলসিয়াস হতে পারে 
bin_3108_5682200236.wav	 ঝরনা গ্রিল সারাদিন খোলা থাকে 
bin_3108_5736220134.wav	 এটাকে নোংরা হতে দেবেন না 
bin_3108_5805802325.wav	 আত্মীয়স্বজনরা তাঁদের পৈত্রিক বাসস্থান থেকে উৎখাত করার চেষ্টা শুরু করে_finite 
bin_3108_5819237546.wav	 কোরিয়া ইলেকট্রিক পাওয়ার পারমাণবিক জ্বালানি খাতেও জড়িত 
bin_3108_5819343222.wav	 আমি জানি না আমার কাছে এখনো সেটা আছে কি না 
bin_3108_5841823585.wav	 কিশিনেভ মলদোভার রাজধানী 
bin_3108_5856199676.wav	 বাঁকুড়া 
bin_3108_5860741052.wav	 তারা পাঁচ রানে ইনিংস হেরেছে 
bin_3108_5879316461.wav	 মতিলাল গুপ্ত রোড এবং করুনাময়ী ঘাট রোডের দিকে অল্প ডান দিক ধরুন 
bin_3108_5883943264.wav	 ইউনাইটেড এয়ারলাইন্সের ফ্লাইট নং চৌদ্দ শ_letter বাহাত্তর আজ বেলা তিনটায় জে এফ কে থেকে ছেড়ে এল_english এ_letter এক্স এ_letter পৌঁছবে 
bin_3108_5896656697.wav	 আজ দার্জিলিং এ_letter প্রত্যাশিত তাপমাত্রা মাইনাস চৌত্রিশ ডিগ্রী সেলসিয়াস 
bin_3108_5997869070.wav	 গুগল কেনা বেচার পূর্বে দুই দশমিক তিন শতাংশ বেড়ে সাতশো পঞ্চাশ টাকা হয়েছে 
bin_3108_6017179128.wav	 উবার ডাউনলোড করা হচ্ছে 
bin_3108_6083084209.wav	 আপনার বাড়ি এবং আপনার কাজের জায়গার মধ্যে ট্রাফিক দেখানো হচ্ছে 
bin_3108_6114254982.wav	 আমি কি ওখানে হাঁটতে পারব 
bin_3108_6153086418.wav	 অডিট কমিটি নিয়মিত প্রগ্রেসিভ লাইফ ইন্স্যুরেন্স পরিদর্শন করে_finite 
bin_3108_6224060887.wav	 দুই নম্বরঃ দ্বিতীয় আইটেম 
bin_3108_6261858939.wav	 জেএফকে থেকে এলএএক্স এর ইউনাইটেড এয়ারলাইনস ফ্লাইট চৌদ্দ শ_letter বাহাত্তর বিলম্বিত হয়েছে এটি পৌঁছাবে উনিশ মে দুপুর তিন টেয় 
bin_3108_6286230650.wav	 বাঁকুড়া পুরুলিয়া মহাসড়ক অনুসরণ করে_participle এগিয়ে যান 
bin_3108_6293747225.wav	 ডিসপ্লে সেটিং খোলা হচ্ছে 
bin_3108_6298046505.wav	 ভাজ্জিের পাঁচটি ইঞ্জুরি রয়েছে 
bin_3108_6320091368.wav	 আক্রা ঘানার রাজধানী 
bin_3108_6347777073.wav	 আমি আমার ডান হাতটা তুলতে পারছি না 
bin_3108_6380731707.wav	 তাইপে তাইওয়ানের রাজধানী 
bin_3108_6388087246.wav	 রবীন্দ্রনাথ ঠাকুর কলকাতা শহরের জোড়াসাঁকো ঠাকুরবাড়িতে জন্মগ্রহণ করেন 
bin_3108_6464168775.wav	 চ্যাম্পিয়নস লিগে টানা চার মৌসুমে সর্বোচ্চ গোল করার কৃতিত্ব গড়েছেন 
bin_3108_6507682178.wav	 যতদূর জানা যায় কলকাতার প্রখ্যাত মিষ্টি নির্মাতা নবীন চন্দ্র দাস প্রথম রসগোল্লা আবিস্কার করেন 
bin_3108_6545131062.wav	 পোর্ট অফ স্পেন ত্রিনিদাদ ও_letter টোবাগোর রাজধানী 
bin_3108_6677220553.wav	 আপনার আরও অর্ডার আছে 
bin_3108_6891096732.wav	 চৌমাথায় সিউড়ি লাভপুর রোডের প্রথম প্রস্থান ধরুন 
bin_3108_6949736567.wav	 আজ বার্নপুরে গতিবেগ এর পূর্বাভাস 
bin_3108_7028562261.wav	 এই টেপ রেকর্ডারটা আমাদের ইংরাজি শেখা সহজ করে_participle দেবে 
bin_3108_7093423344.wav	 কেডিডিআই একটি জাপানি টেলিযোগাযোগ অপারেটর 
bin_3108_7203821100.wav	 এইগুলো কলকাতার কিছু জনপ্রিয় স্থান 
bin_3108_7293356816.wav	 অন্যান্য 
bin_3108_7326706590.wav	 আপনার মাথা ব্যাথা চলে_participle গেছে 
bin_3108_7334802695.wav	 অগ্রসর হতে মনে রাখুন বা বাতিল এ_letter স্পর্শ করুন 
bin_3108_7355996400.wav	 আমার বাবা একজন ডাক্তার 
bin_3108_7425002029.wav	 ড্রিউ ব্রিস পাঁচ রিসিভিং ইয়ার্ড এ_letter যেতে পেরেছে 
bin_3108_7467533971.wav	 আজ বেশ ঠান্ডা আছে 
bin_3108_7544955693.wav	 আপনার যেখানে ইচ্ছে হয় বসুন 
bin_3108_7562205393.wav	 প্রি মার্কেট ট্রেডিং এ_letter এম আর এফ দুই দশমিক তিন শতাংশ নেমে সাতশো পঞ্চাশ টাকায় ঠেকেছে 
bin_3108_7656259912.wav	 ইউনাইটেড এয়ারলাইনস তিন ছয় তিন আগস্টের তিন তারিখে দুপুর তিন টায় পৌঁছবে 
bin_3108_7690052526.wav	 আপনারা দৌড়ান 
bin_3108_7731244975.wav	 ড্রিউ ব্রীস ইন্টারসেপশনের মাধ্যমে পাঁচ ইয়ার্ড অর্জন করেছেন 
bin_3108_7747962266.wav	 এই মুহূর্তে হোটেল আলসালাদিয়া বন্ধ আছে এবং তা সকাল এগারো টায় খুলবে 
bin_3108_7779585596.wav	 রিলায়েন্স ইন্ডাস্ট্রিস এর প্রতিষ্ঠাতা ধীরুভাই আম্বানি 
bin_3108_7788853437.wav	 আপনার বিল জানতে সাইন ইন করুন 
bin_3108_7872947915.wav	 রেসার্ভ ব্যাঙ্ক অফ ইন্ডিয়া টাকার এক্সচেঞ্জ রেট নিয়ন্ত্রণ করে_finite 
bin_3108_7889599497.wav	 তারা পাঁচ রানে জিতেছে 
bin_3108_7949710359.wav	 অ্যাথেন্স গ্রীসের রাজধানী 
bin_3108_8067974692.wav	 বর্ধমান জেলা 
bin_3108_8079046365.wav	 অলিম্পিক এক্সেসরিজ কার্টন পলি ব্যাগ হ্যাঙ্গার ব্যাক বোর্ড নেক বোর্ড রিবন ইত্যাদি বাজারে সহজলভ্য করেছে 
bin_3108_8084037194.wav	 শীত আসছে 
bin_3108_8125067565.wav	 ডয়চে পোস্ট এর সদর দপ্তর বন জার্মানি 
bin_3108_8131797113.wav	 ইআই এআই দুটো ই_letter পূর্ব নির্ধারিত এবং তিন ঘণ্টা বিশ মিনিটের মধ্যে পৌঁছাবে 
bin_3108_8187606688.wav	 এটা কি আপনার গাড়ি 
bin_3108_8267128726.wav	 নিকো পার্কের রাইডে যা রয়েছে 
bin_3108_8406379335.wav	 প্রিন্স আনোয়ার শাহ রোডের সাথে চলতে থাকুন 
bin_3108_8513796939.wav	 ট্রায়াঙ্গুলার পার্ক এ_letter বাম দিকে বাঁক নিন 
bin_3108_8564300910.wav	 ইউনাইটেড এয়ারলাইনস তিন ছয় তিন যথাসময়ে উড়তে পারেনি আজকে দুপুর তিন টে তে পৌঁছে যাবে 
bin_3108_8622401855.wav	 ফ্র্যাঙ্ক লয়েড রাইট এর বানানো ভাস্কর্য সমূহে যা আছে 
bin_3108_8669273560.wav	 এবং তারা প্রত্যেকেই হামলার দিন মারা গিয়েছে 
bin_3108_8745463963.wav	 বেঙ্গালুরু থেকে মুম্বাই এর ইন্ডিয়ান এয়ারলাইন্স এর ফ্লাইট চৌদ্দশ বাহাত্তর আজ দুপুর তিন টায় ছাড়বে 
bin_3108_8765185585.wav	 সুভাসচন্দ্র বসু 
bin_3108_8821270748.wav	 কুম্বলের দীর্ঘতম রান আপ চৌদ্দ মিটার 
bin_3108_8860716494.wav	 হোম ডিপো গৃহ সাজানোর সামগ্রীর জন্য অদ্বিতীয় 
bin_3108_8941333893.wav	 চৌমাথায় বাঁকুড়া রাঙামাটি বিষ্ণুপুর মহাসড়কে ডান দিকে প্রথম প্রস্থান করুন 
bin_3108_8949076174.wav	 মনিকা বাত্রা 
bin_3108_8953257631.wav	 শ্রী রত্ন লক্ষ্মী স্পিনিং মিলস উচ্চমানের পণ্য সম্ভাব্য সর্বনিম্ন খরচে প্রদান করতে প্রস্তুত 
bin_3108_8965699292.wav	 তাদের আগামী ম্যাচ সাত নভেম্বর বেলা চারটেয় 
bin_3108_9051768412.wav	 কাজী নজরুল ইসলাম পঁচিশ মে আঠারোশ নিরানব্বই সালে জন্ম গ্রহণ করেন 
bin_3108_9065196381.wav	 তিনি চলচ্চিত্র পরিচালক সিদ্ধার্থ রায় কাপুরকে বিয়ে করেন 
bin_3108_9068121249.wav	 তোশিবার ল্যাপটপ এবং টিভি জন্য ক্রেতারা মরিয়া হয়ে যায় 
bin_3108_9100405768.wav	 রফিক উদ্দীন আহমেদ মহান ভাষা আন্দোলনের অন্যতম শহীদ 
bin_3108_9174848754.wav	 রামকৃষ্ণ মিশন এর প্রধান অফিস বেলুর মঠে 
bin_3108_9177629433.wav	 দুই পাঁচ পাঁচ পাঁচ  এগারো এক এক দুই তিন চার এ_letter কল করা হচ্ছে 
bin_3108_9202838123.wav	 আই এম ডি বি ডট কমে পাল্প ফিকশন একটি তারা পেয়েছে 
bin_3108_9207430030.wav	 বাইকিং শেষ 
bin_3108_9278233975.wav	 বাঁকুড়া পুরুলিয়া মহাসড়ক অনুসরণ করতে থাকুন 
bin_3108_9375827384.wav	 বাঁকুড়া পুরুলিয়া মহাসড়ক অনুসরণ করে_participle চলতে থাকুন 
bin_3108_9380074674.wav	 এইগুলো স্টারবক্সের ব্যবসায়িক কার্যক্রমের সময় 
bin_3108_9448789375.wav	 জামালপুর  ভাগলপুর মহাসড়কে ডান দিকে চলুন 
bin_3108_9511314220.wav	 মেনল্যান্ড চায়না আগামী মঙ্গলবার রাত দুটো পর্যন্ত খোলা থাকবে 
bin_3108_9605719845.wav	 এটা আপনার নোট আপনি কি তা সংরক্ষণ করতে চান 
bin_3108_9663704155.wav	 বক্রেশ্বর থার্মাল পাওয়ার প্লান্ট একটি বিদ্যুৎ উপযোগ বা সেবা প্রদানকারী কোম্পানি 
bin_3108_9679353121.wav	 হেরিটেজ রেস্টুরেন্ট রাত দশ টা পর্যন্ত খোলা 
bin_3108_9681080652.wav	 নরেন্দ্রপুরের তাপমাত্রা চৌত্রিশ ডিগ্রি সেলসিয়াস এবং তার সাথে ভারী বৃষ্টিপাত হতে পারে 
bin_3108_9683537422.wav	 জসিম উদ্দিন ভারতে পল্লী কবি হিসেবে পরিচিত 
bin_3108_9720827589.wav	 পাঁচ শতাংশ বকশিশে তিন দশমিক পঁচাত্তর হবে 
bin_3108_9726451890.wav	 পিটিটি একটি থাই রাষ্ট্রীয় মালিকানাধীন সেট তালিকাভুক্ত তেল ও_letter গ্যাস কোম্পানি 
bin_3108_9738748403.wav	 ইন্দিরা গান্ধী সম্পর্কে কিছু তথ্য এখানে দেয়া হল_verb 
bin_3108_9757070827.wav	 ইন্ডিয়ান এয়ারলাইন্স এর ফ্লাইট তিন ছয় তিন বাতিল করা হয়েছে 
bin_3108_9904792574.wav	 জুরিখ ইন্স্যুরেন্স গ্রুপের সম্পদের পরিমাণ চার লাখ ছয় হাজার পাঁচ শ_letter ঊনত্রিশ মিলিয়ন ডলার 
bin_3108_9955899393.wav	 বুদ্ধদেব বসুর জন্ম হয় রানিগঞ্জে 
bin_3108_9989440780.wav	 ইন্ডিয়া বিশ্বকাপ বিজয়ী দল তারা অস্ট্রেলিয়া কে তেরীশ রানে চূড়ান্ত পর্বে হারিয়েছে 
bin_3713_0036972846.wav	 গান থামানো হচ্ছে 
bin_3713_0071426511.wav	 আমি আপনার কথা বুঝতে পারছি না 
bin_3713_0159712423.wav	 এখানে লা লিগার শিডিউল দেয়া হল_verb 
bin_3713_0192707547.wav	 তিন আগস্ট দুপুর তিনটের ইন্ডিয়ান এয়ারলাইন্স তিন ছয় তিন ফ্লাইট বাতিল করা হয়েছে 
bin_3713_0212101809.wav	 আজ সকালে আমি সাতটার সময় উঠেছি 
bin_3713_0256187031.wav	 গত বছর এইচ এম টি ওয়েস্ট ম্যানেজমেন্ট ক্যাটাগরিতে সোস্যাল এন্ড এনভারমেন্টাল এক্সিলেন্স প্লাটিনাম এ্যাওয়ার্ড লাভ করেছে 
bin_3713_0282718669.wav	 এইচসিএ হোল্ডিংস বিশ্বের সর্ববৃহৎ স্বাস্থ্যসেবা সুবিধার একটি লাভজনক প্রতিষ্ঠান 
bin_3713_0304250553.wav	 শচীন রমেশ তেন্ডুলকর একজন প্রাক্তন ভারতীয় ক্রিকেটার ক্রিকেট ইতিহাসের সর্বোচ্চমানের ব্যাটসম্যান হিসেবে বিশ্বব্যাপী স্বীকৃত 
bin_3713_0356460376.wav	 মহাশ্বেতা দেবীর জন্ম উনিশ শ_letter ছাব্বিশ সালে বর্তমান ইন্ডিয়াের ঢাকায় 
bin_3713_0370934719.wav	 গুগল দুই দশমিক তিন শতাংশ নেমে সাতশো পঞ্চাশ ডলারে বন্ধ হয়েছে 
bin_3713_0398581476.wav	 মহাত্মা গান্ধী রোডে সোজা এগিয়ে চলুন 
bin_3713_0421541435.wav	 আজকের নিউ ইয়র্কের আবহাওয়ার পূর্বাভাস 
bin_3713_0457997884.wav	 ভারতের জনপ্রিয় আকর্ষণগুলোর ভেতর আছে 
bin_3713_0514586308.wav	 ফ্যামিলি টেক্স ভারতের রপ্তানিমুখী একটি জয়েন্ট ভেনচার 
bin_3713_0517671177.wav	 তালিকা থেকে বেছে নিন বা বাতিল বলুন 
bin_3713_0614554754.wav	 ক্যাব ভাড়া করতে অ্যাপ ডাউনলোড করা হচ্ছে 
bin_3713_0620334225.wav	 মুহাম্মদ ইউনূস ঊনিশশো ছিয়াত্তর সালে গ্রামীণ ব্যাংকের প্রতিষ্ঠা করেন 
bin_3713_0620420636.wav	 জিমেলে বাস_noun ট্রেনের রিজার্ভেশন সংক্রান্ত কোন_pronoun তথ্য পাওয়া যায়নি 
bin_3713_0641102302.wav	 সকল জীবই ঈশ্বরের প্রতিভূ 
bin_3713_0689165993.wav	 রাকেশ প্রিন্টিং এন্ড প্যাকেজেস প্রিন্টিং আর প্যাকেজিং এর দায়িত্ব পালন করে_finite 
bin_3713_0691514830.wav	 ঢাকুরিয়া ফ্লাইওভার পর্যন্ত সোজা চলতে থাকুন 
bin_3713_0776313503.wav	 ইন্ডিয়ান প্রিমিয়ার লীগ নির্বাচন দু হাজার এগারো সালের চৌদ্দ ফেব্রুয়ারী শনিবারে সকাল দশটায় অনুষ্ঠিত হয়েছে 
bin_3713_0779579956.wav	 রিং রোডএর দিকের রাস্তার প্রথম চৌমাথায় ডান দিকে ঘুরুন 
bin_3713_0784293291.wav	 আরসালানের ফোন নম্বর হল_verb আট আট আট_mispron সাত সাত সাত সাত ছয় ছয় ছয় 
bin_3713_0834070363.wav	 এমএসএন্ডএডি ইন্স্যুরেন্স একটি জাপানি বীমা কোম্পানি 
bin_3713_0891011416.wav	 এইগন নেদারল্যান্ডের একটি জীবন বিমা কোম্পানি 
bin_3713_0900346928.wav	 নীল লোহিত 
bin_3713_1001354286.wav	 ভিক্টোরিয়া সেশেলের রাজধানী 
bin_3713_1005866614.wav	 ঠিক আছে মঙ্গলবার সন্ধ্যা সাতটা আপনার অ্যালার্ম ঠিক করতে হবে 
bin_3713_1011461097.wav	 আপনার বাড়ি থেকে ট্রাফিক দেখানো হচ্ছে 
bin_3713_1022754602.wav	 ফ্ল্যাশলাইট বন্ধ করা হচ্ছে 
bin_3713_1119668703.wav	 লোকেশন সেটিং চালু হচ্ছে 
bin_3713_1189033322.wav	 পোডগোরিকা মন্টিনিগ্রোর রাজধানী 
bin_3713_1190989964.wav	 কোহলির প্রতি ম্যাচে গড়ে দুইটি ক্যাচ রয়েছে 
bin_3713_1216135538.wav	 সি আর এভিনিউ অল্প ডান দিকে ঘুরে যশোর রোড সড়কে পরিণত হয় 
bin_3713_1251494286.wav	 ড্রিউ ব্রীস এর পরিপূরণ হার পাঁচ শতাংশ 
bin_3713_1271620606.wav	 আব্দুল কালাম আজাদ দেশের মানুষের কাছে শিক্ষিত জননেতা হিসাবে পরিচিত 
bin_3713_1298811211.wav	 বাঞ্জ আখ মাড়াই করে_participle চিনি ইথানল ও_letter বিদ্যুৎ উৎপাদন করে_participle 
bin_3713_1312956364.wav	 ওয়াইফাই বন্ধ করছি 
bin_3713_1329309693.wav	 আই প্যাড মিনি তিন এর অপারেটিং সিস্টেম তিন জি বি 
bin_3713_1447238540.wav	 কলকাতায় বাতাসের গতি বেগ প্রতি ঘণ্টায় এক মাইল ও_letter তা উত্তর_noun দিক থেকে প্রবাহিত হচ্ছে 
bin_3713_1472878149.wav	 ইউনাইটেড এয়ারলাইন্স চৌদ্দ শ_letter বাহাত্তর এল_english এ_letter এক্স এ_letter পৌঁছেছে 
bin_3713_1506540598.wav	 ইউনাইটেড ইন্স্যুরেন্স কোম্পানি ভারতে সাধারণ বিমা কোম্পানিগুলোর মধ্যে অন্যতম 
bin_3713_1521786084.wav	 জেবিএস একটি ব্রাজিলিয়ান কোম্পানি যারা মাংস প্রক্রিয়াকরণ ব্যবসা করে_participle থাকে 
bin_3713_1532035347.wav	 হিন্দু সৌর পঞ্জিকা অনুসারে বাংলা বার মাস অনেককাল আগে থেকেই পালিত হতো 
bin_3713_1557311861.wav	 বিরলা ইন্ডাস্ট্রিস ভারতের একটি প্রাইভেট কোম্পানি 
bin_3713_1617786549.wav	 আমি এখানে বারো দিনের জন্য আছি 
bin_3713_1764377495.wav	 ক্রেডিট এগ্রিকোলের অপর নাম গ্রিন ব্যাংক 
bin_3713_1777254073.wav	 মুহাম্মদ ইউনূস গ্রামীণ ব্যাংকের প্রতিষ্ঠাতা 
bin_3713_1817070499.wav	 কিশোর কুমারের প্রকৃত নাম আভাষ কুমার গঙ্গোপাধ্যায় 
bin_3713_1846208106.wav	 ওয়েসফার্মারস অস্ট্রেলিয়া ইন্ডিয়া নিউজিল্যান্ড ও_letter যুক্তরাজ্যে ব্যবসা করছে 
bin_3713_1863673493.wav	 আচার্য জগদীশ চন্দ্র বসু রোড এর দিকে এগিয়ে যেতে বাম দিক ধরুন 
bin_3713_1889504208.wav	 কোরাল ফার্মা ভারতের অন্যতম শীর্ষস্থানীয় এবং দ্রুততম ক্রমবর্ধমান ফার্মাসিউটিক্যাল ও_letter পশু স্বাস্থ্য পণ্য কোম্পানি 
bin_3713_1944821627.wav	 মাদার টেরিজা সরণীতে বাম দিকে বাঁক নিন 
bin_3713_1967567785.wav	 তারা নভেম্বরের সাত তারিখে বেলা চারটেয় মোহন বাগানের সাথে খেলবে 
bin_3713_1977190582.wav	 আপনি যাকে বার্তা দিতে চাইছেন তার পরিচিতি নাও থাকতে পারে খুঁজে নিতে স্পর্শ করুন 
bin_3713_2003145823.wav	 স্থানান্তরিত হওয়ার আগে পর্যন্ত তিনি এই বিদ্যালয়ে পড়াশোনা করেছিলেন 
bin_3713_2022287611.wav	 হাঁ বা বাতিল বলুন 
bin_3713_2129545066.wav	 জেমিনি সি ফুড বিশ্বব্যাপী গ্রাহকদের সর্বোচ্চ মানের সামুদ্রিক খাদ্য সরবরাহ করতে শুরু করেছে 
bin_3713_2133040196.wav	 কাজী নজরুল ইসলাম সরণি ধরে_participle ডান দিকে এগিয়ে যান 
bin_3713_2160931805.wav	 আমি হেঁটে স্কুলে যাই 
bin_3713_2208277552.wav	 ইন্ডিয়া বল_verb করছে 
bin_3713_2357806454.wav	 দিনাজপুর 
bin_3713_2362419012.wav	 এইগুলো পিকাসোর শিল্পকর্ম 
bin_3713_2392233018.wav	 পরিচিতি খোঁজা বাতিল করা হল_verb 
bin_3713_2416766443.wav	 এখানে আসন্ন এমন আরও খেলার খবর রইল 
bin_3713_2517422902.wav	 যুক্তরাষ্ট্রের উত্তর_noun পশ্চিম উপকূলে মেক্সিকো উপসাগরে তেল ছড়ানোর ঘটনায় এক হাজার আটশত সত্তর কোটি ডলার ক্ষতিপূরণ দিতে সম্মত হয়েছে বিপি 
bin_3713_2677817290.wav	 দুঃখিত আপনি কি পরিবর্তন করতে চান 
bin_3713_2728833441.wav	 পরিবহন খাতে টাটা মোটোর্স্ একটি অতি পরিচিত নাম 
bin_3713_2747148259.wav	 দম দম 
bin_3713_2808036093.wav	 নিত্য প্রয়োজনীয় ঔষধ প্রস্তুতকারক হিসেবে দে ফার্মাসিউটিক্যালস সকলের আস্থা অর্জন করেছে 
bin_3713_2886644957.wav	 আমার ছেলে আমার ঘরে এসেছিল 
bin_3713_2974512849.wav	 হাউজিং ডেভেলপমেন্ট ফাইন্যান্স কোম্পানি নতুন ডিপোজিট স্কিম প্রকাশ করল 
bin_3713_3038594319.wav	 ব্যাংক অব আমেরিকা একটি আমেরিকান বহুজাতিক ব্যাংকিং ও_letter আর্থিক সেবাদানকারি প্রতিষ্ঠান 
bin_3713_3097210055.wav	 আশ্বিন তিনটি ডেড বল_verb করেছেন 
bin_3713_3106488328.wav	 হাজরা রোড এ_letter বাম দিকে বাঁক নিন 
bin_3713_3161785633.wav	 পূর্বাভাস অনুযায়ী আজ বর্ধমানের আর্দ্রতা বারো 
bin_3713_3179239584.wav	 কাল_noun সকালে এই সিনেমাগুলো নিউ ইয়র্কের আশপাশের থিয়েটারগুলোয় চলবে 
bin_3713_3185171342.wav	 সোমবারে অ্যাম্বার ইন্ডিয়া রেস্টুরেন্ট সকাল এগারো টা থেকে বেলা তিন টে পর্যন্ত এবং সন্ধ্যা সাত টা থেকে দশ টা পর্যন্ত খোলা 
bin_3713_3217569541.wav	 নাসাউ বাহামা দ্বীপপুঞ্জের রাজধানী 
bin_3713_3262259623.wav	 স্টিল এন্টারপ্রাইজ ব্রিটেন ভিত্তিক প্রতিষ্ঠান 
bin_3713_3268107948.wav	 আগের গানটি চালানো হচ্ছে 
bin_3713_3274919406.wav	 সিএনওওসি গণপ্রজাতন্ত্রী চীনের তৃতীয় বৃহত্তম জাতীয় তেল কোম্পানি 
bin_3713_3345868309.wav	 চন্দননগর  কলকাতা মহাসড়ক এই পথে 
bin_3713_3352715508.wav	 ভিঞ্চি একটি ফরাসি নির্মাণ কোম্পানি 
bin_3713_3436540694.wav	 সোমবারে অ্যাম্বার ইন্ডিয়া রেস্টুরেন্ট সকাল এগারো টা থেকে বেলা তিন টে পর্যন্ত খোলা 
bin_3713_3569713323.wav	 ড্রিউ ব্রিস এর পাঁচটি স্যাক আছে 
bin_3713_3621361586.wav	 জেমস লং সরণীতে ডান দিকে বাঁক নিন 
bin_3713_3621951162.wav	 অ্যামস্টারডাম নেদারল্যান্ডের রাজধানী 
bin_3713_3707477857.wav	 আমুল মিল্ক ইন্ডাস্ট্রিজের অতি জনপ্রিয় ব্র্যান্ড 
bin_3713_3824286473.wav	 এখানে মেক্সিকো ও_letter ক্যামেরুনের খেলার পরিসংখ্যান দেয়া আছে 
bin_3713_3934485930.wav	 মহাত্মা গান্ধী রোড এ_letter বাম দিকে বাঁক নিয়ে চলতে থাকুন 
bin_3713_4011580922.wav	 হুমায়ূন আহমেদ একাধারে ঔপন্যাসিক ছোটগল্পকার নাট্যকার এবং গীতিকার 
bin_3713_4034193425.wav	 দশ মার্কিন ডলার আটশত টাকার সমতুল্য হয় 
bin_3713_4199460280.wav	 ইন্ডিয়া বিশ্বকাপের রানার আপ 
bin_3713_4232202110.wav	 নিউ ইয়র্কের উচ্চ তাপমাত্রার পূর্বাভাস অনুযায়ী আজকে তাপমাত্রা মাইনাস এক ডিগ্রি 
bin_3713_4261887890.wav	 ইউ কো ব্যাংক প্রায় তিন শতাধিক শাখা নিয়ে বিশাল ব্যাংকিং নেটওয়ার্ক গড়ে তুলেছে 
bin_3713_4284088599.wav	 ভালবাসার বিপরীতার্থক শব্দ 
bin_3713_4407987429.wav	 ঊনিশশো পঁচাত্তর সালের পনেরই আগস্ট শেখ মুজিবুর রহমানকে ধানমণ্ডিস্থ বাসভবনে হত্যা করা হয় 
bin_3713_4454183066.wav	 রাজা সুবোধ চন্দ্র 
bin_3713_4546880458.wav	 এসকে হোল্ডিংস উনিশ শত তিপ্পান্ন সালে দক্ষিণ কোরিয়াতে স্থাপিত হয় 
bin_3713_4632834427.wav	 ড্রিউ ব্রিসের পাঁচটি কমপ্লিশন রয়েছে 
bin_3713_4635127415.wav	 ঊনিশশো এগার সালের ডিসেম্বর মাস পর্যন্ত কলকাতা ছিল ব্রিটিশ ভারতের রাজধানী 
bin_3713_4653435057.wav	 ইন্ডিয়া বিশ্বকাপ ম্যাচে তৃতীয় স্থানে আছে 
bin_3713_4678064653.wav	 সি এম সি পরিবহন ও_letter পরিবহন খাতে বিনিয়োগ শুরু করেছে 
bin_3713_4678635338.wav	 ইন্দিরা গান্ধী উনিশ সেপ্টেম্বর উনিশ শত সতেরো সালে এলাহাবাদে জন্মগ্রহন করেন 
bin_3713_4717836944.wav	 ঠিক আছে বিড়ালগুলো 
bin_3713_4764084014.wav	 পুরুলিয়া  রঘুনাথপুর রোডের সাথে চলতে থাকুন 
bin_3713_4829068719.wav	 হ্যা আজ কলকাতায় শিলাবৃষ্টি হতে পারে 
bin_3713_4829568139.wav	 চৌমাথায় মুর্শিদাবাদ  বহরমপুর মহাসড়ক এর তৃতীয় মড়ে বাঁক নিন 
bin_3713_4900942909.wav	 দুঃখিত আপনি কি কষ্ট এ্যালবামের গান শুনতে চান 
bin_3713_4932051734.wav	 বারাক ওবামা সম্পর্কে কিছু তথ্য এখানে দেয়া হল_verb 
bin_3713_4953494383.wav	 দাদা বৌদির বিরিয়ানি শুক্রবারে বন্ধ 
bin_3713_5043546225.wav	 ঊনিশশো আটাশি খ্রিষ্টাব্দে তেন্ডুলকর তাঁর খেলা প্রতিটি ইনিংসে শতরান করেন 
bin_3713_5154927969.wav	 ইয়েল্প দিয়ে ভিডিও রেকর্ড করা যায়নি ভিডিও রেকর্ড করার জন্য আরেকটি অ্যাপ খোলা হচ্ছে 
bin_3713_5202507574.wav	 ইন্দিরা গান্ধীর স্বামীর নাম ফিরোজ গান্ধী 
bin_3713_5235407907.wav	 এয়ার ইন্ডিয়ান এয়ারলাইন্স তিন ছয় তিন বিলম্বিত আগামিকাল দুপুর তিন টায় এসে পোঁছাবে 
bin_3713_5280646665.wav	 এই দলের অধিনায়ক গৌতম গম্ভীর ও_letter কোচ ট্রেভর বেলিস 
bin_3713_5295592005.wav	 আপনার পারচেস তালিকা দেখতে সাইন ইন করুন 
bin_3713_5370622794.wav	 ফাডুৎস লিশ্‌টেনশ্‌টাইনের রাজধানী 
bin_3713_5423647360.wav	 এল_english আই সি ইন্স্যুরেন্স কোম্পানি সারা দেশে একাধিক শাখার মাধ্যমে তাদের কর্মকান্ড পরিচালিত করে_participle আসছে 
bin_3713_5432544381.wav	 মাপুতো মোজাম্বিকের রাজধানী 
bin_3713_5479629180.wav	 চৌমাথায় প্রথম প্রস্থান ধরুন এবং বহরমপুর  পলাশী মহাসড়কের দিকে চলতে থাকুন 
bin_3713_5510373222.wav	 ফু ওয়াং সিরামিক ইন্ডাস্ট্রি রুচিশীল নকশা ও_letter বাহারি রঙের সিরামিক পণ্য বাজারে এনেছে 
bin_3713_5559486258.wav	 বউ বাজারের বাতাসের গতি বেগ প্রতি ঘণ্টায় এক মাইল ও_letter তা উত্তর_noun দিক থেকে প্রবাহিত হচ্ছে 
bin_3713_5574145539.wav	 আজ কলকাতায় এক ডিগ্রি সেলসিয়াস তাপমাত্রা আশা করা যায় 
bin_3713_5576921940.wav	 ও_letter এম ভি গ্রুপ একটি সমন্বিত আন্তর্জাতিক তেল ও_letter গ্যাস কোম্পানি 
bin_3713_5633311826.wav	 সোয়া নটা বাজে 
bin_3713_5674804629.wav	 অ্যালুমিনিয়াম কর্পোরেশন অফ চায়না একটি রাষ্ট্রীয় মালিকানাধীন ও_letter বহুজাতিক অ্যালুমিনিয়াম কোম্পানি 
bin_3713_5707451554.wav	 আমার মনে হয় আপনি ঠিক 
bin_3713_5748948648.wav	 আজ দুই দশমিক তিন শতাংশ বৃদ্ধি পেয়ে মূল্য সাতশো পঞ্চাশ টাকাতে শেষ হয়েছে 
bin_3713_5922642437.wav	 মৃণাল সেন একজন প্রখ্যাত ভারতীয় বাঙালি চলচ্চিত্র পরিচালক চিত্রনাট্যকার ও_letter লেখক 
bin_3713_5924824672.wav	 আবুজা নাইজেরিয়ার রাজধানী 
bin_3713_5932396002.wav	 আপনি ভুল রাস্তায় যাচ্ছেন 
bin_3713_5958755393.wav	 পাঞ্জাবি ট্যানারি চামড়াশিল্পের মাধ্যমে ভারতের অর্থনীতিতে প্রশংসনীয় অবদান রাখছে 
bin_3713_5998776299.wav	 বার্সেলোনা চেলসি এর থেকে প্রথম হাফে দুই শুন্যে এগিয়ে 
bin_3713_6064591450.wav	 অ্যালার্ম কটায় 
bin_3713_6098889805.wav	 আপনি কাকে কল করতে চান 
bin_3713_6117526982.wav	 সে বাচ্চাদের মত_adjective ঘুমাচ্ছে 
bin_3713_6199629927.wav	 আপনিই ভালো করে_participle জানেন 
bin_3713_6203431481.wav	 স্টক এর চিহ্ন g_letter-en o_letter-en o_letter-en g_letter-en  
bin_3713_6213489059.wav	 নভেম্বরের সাত তারিখ বেলা চারটেয় কলকাতা নাইট রাইডার্স ও_letter দিল্লি ডেয়ার ডেভিলস মুখোমুখি হবে 
bin_3713_6217728387.wav	 সিটি ব্যাংক দ্রুত ব্যাংকিং এর সেবা দেয় 
bin_3713_6220232747.wav	 আমি ওটা দেখেছিলাম 
bin_3713_6291011049.wav	 তখনই তিনি গান গাওয়া শুরু করেছিলেন 
bin_3713_6418017653.wav	 ইউনাইটেড এয়ারলাইন্স তিন ছয় তিন যথাযথ সময়ে ছেড়ে গেছে এটি আগামিকাল দুপুর তিন টায় পোঁছাবে 
bin_3713_6419634472.wav	 এল_english আই সি ইন্স্যুরেন্সের ভারতের ইন্স্যুরেন্স খাতা এ_letter সক্রিয় ভূমিকা আছে 
bin_3713_6425059527.wav	 আপনার বাড়ি থেকে কর্মস্থলের দূরত্ব এক মাইল 
bin_3713_6455704247.wav	 ই_letter মেল বাতিল করা হচ্ছে 
bin_3713_6497188522.wav	 কলকাতা নাইট রাইডার্সের আসন্ন কোনো খেলা নেই 
bin_3713_6528359413.wav	 দে কেমিক্যালস জীবন ও_letter স্বাস্থ্যের কথা চিন্তা করে_finite 
bin_3713_6530946979.wav	 ছবিগুলো বিড়ালগুলোর অবশ্যই 
bin_3713_6668764962.wav	 পাঠান মোট পাঁচটি ক্যাচ ধরেছেন 
bin_3713_6673794557.wav	 সুসুনিয়া 
bin_3713_6703749023.wav	 ওটা একদম ভুলবেন না 
bin_3713_6759455481.wav	 ইস্টার্ন ইন্স্যুরেন্স সহজ ইন্স্যুরেন্স পলিসি দেয় 
bin_3713_6761021397.wav	 এটা কি আপনার বই 
bin_3713_6786401527.wav	 হুমায়ূন আহমেদ কলকাতা বিশ্ববিদ্যালয়ের রসায়ন বিভাগের অধ্যাপক হিসেবে দীর্ঘকাল কর্মরত ছিলেন 
bin_3713_6829440289.wav	 চৌমাথায় জি টি রোডের দ্বিতীয় প্রস্থান ধরুন 
bin_3713_6915896020.wav	 হুমায়ুন আজাদ উনিশ শ_letter সাতচল্লিশ সালে মুন্সিগঞ্জ জেলার বিক্রমপুরে তাঁর নানাবাড়ি কামাড়াগাঁওয়ে জন্ম নেন 
bin_3713_6936721051.wav	 উত্তরপাড়া 
bin_3713_6954468210.wav	 চৌমাথায় এস_en এন ব্যানার্জি রোডের তৃতীয় প্রস্থান ধরুন 
bin_3713_7030135090.wav	 বুখারেস্ট রোমানিয়ার রাজধানী 
bin_3713_7045195864.wav	 ইভেন্ট বাতিল হচ্ছে 
bin_3713_7192709560.wav	 গোদরেজ ইন্ডাস্ট্রিজ জীবনকে সহজ করে_participle তুলেছে 
bin_3713_7302247483.wav	 লিওনেল আন্দ্রেস লিও মেসি একজন আর্জেন্টিনীও ফুটবলার 
bin_3713_7318285578.wav	 মোহন বাগান ক্লাব নভেম্বরের সাত তারিখে বেলা চারটেয় ইস্ট বেঙ্গল এর সাথে খেলবে 
bin_3713_7324868404.wav	 রিভারসাইড যাবার জন্য বার্ণপুর যাওয়ার বাস_noun ধরুন 
bin_3713_7395432491.wav	 আপনারা সবাই তৈরী তো 
bin_3713_7510957262.wav	 শিলিগুড়ি  জলপাইগুড়ি মহাসড়ক এ_letter বাম দিকে বাঁক নিন 
bin_3713_7528410998.wav	 আপনি যাকে টেক্সট করতে চাইছেন তার পরিচিতি নাও থাকতে পারে খুঁজে নিতে স্পর্শ করুন 
bin_3713_7570382783.wav	 নর্থ বীচ রেস্তোরার ফোন নম্বর হল_verb আট আট আট সাত সাত সাত সাত ছয় ছয় ছয় 
bin_3713_7573048880.wav	 পালিকির মাইক্রোনেশিয়া যুক্তরাজ্যের রাজধানী 
bin_3713_7623681757.wav	 ওয়েবপেজ ওপেন করা হচ্ছে 
bin_3713_7702047038.wav	 কোলাঘাট পাওয়ার কোম্পানি ভারতের অন্যতম একটি বিদ্যুৎ উৎপাদনকারি প্রতিষ্ঠান 
bin_3713_7728108431.wav	 বাংলা ভাষায় রচিত সাহিত্যকর্ম বাংলা সাহিত্য নামে পরিচিত 
bin_3713_7762331110.wav	 পাকুর সদর হাসপাতাল রোডের সাথেই চলুন 
bin_3713_7767106025.wav	 আমি এমন কিছু কাজ করেছি যাতে আমি গর্বিত নই 
bin_3713_7792820930.wav	 রাঙ্গামাটি 
bin_3713_8061862906.wav	 এইগুলো এল_english আর বি এর কয়েকটি অ্যালবাম 
bin_3713_8114471604.wav	 আরসা মেজর যেসব তারকা দিয়ে তৈরি সেসব যা নিয়ে 
bin_3713_8126172483.wav	 হ্যাঁ নিউ ইয়র্কে এই সপ্তাহে তুষারপাত আশা করা যায় 
bin_3713_8138277585.wav	 প্রি মার্কেট ট্রেডিং সময় দাম দুই দশমিক তিন শতাংশ বেড়ে সাতশো পাঁচ টাকা হয়েছে 
bin_3713_8379756310.wav	 কুম্বলে পাঁচটি উইকেট অর্জন করেছেন 
bin_3713_8384554689.wav	 শেনহুয়া গ্রুপ চীনের বৃহত্তম কয়লা উৎপাদনকারী কোম্পানি 
bin_3713_8406404139.wav	 রবীন্দ্রনাথ ঠাকুর ঘরে বাইরের রচয়িতা 
bin_3713_8412132042.wav	 চৌমাথায় প্রথম প্রস্থান ধরুন এবং বহরমপুর  পলাশী মহাসড়কে থাকুন 
bin_3713_8433839391.wav	 সান হোসে কোস্টা রিকার রাজধানী 
bin_3713_8446634244.wav	 ভারতীয় চলচ্চিত্রের জনক বলে_participle পরিচিত ফালকে একজন ভারতীয় চলচ্চিত্র নির্মাতা ছিলেন 
bin_3713_8515081429.wav	 এটি আপনার নোট আপনি কি এটা সংরক্ষণ করতে চান 
bin_3713_8522334837.wav	 বার্সেলোনার চলতি কোন_pronoun খেলা নেই 
bin_3713_8537869795.wav	 এই যে বিড়ালগুলো 
bin_3713_8553653424.wav	 মহাত্মা গান্ধী রোড এ_letter বাম দিকে বাঁক নিয়ে এগিয়ে যান 
bin_3713_8649359970.wav	 নেতাজি সুভাষ চন্দ্র বোস দেশের মানুষের কাছে জননেতা হিসাবে সমধিক পরিচিত 
bin_3713_8684187521.wav	 আপনার একটি মিটিং আছে 
bin_3713_8771613669.wav	 আন্দরা লা ভেলিয়া অ্যান্ডোরার রাজধানী 
bin_3713_8853070956.wav	 সারা রাত ধরে_participle বরফ পরছে 
bin_3713_8862136045.wav	 পিপলস ইন্স্যুরেন্স অব চায়না ছেষট্টি বছর আগে ব্যবসা চালু করে_finite 
bin_3713_8957235783.wav	 নোট সংরক্ষণ করা হচ্ছে 
bin_3713_8959485847.wav	 ইউনিয়ন ক্যাপিটাল কর্মচারিদের জন্য নিরাপদ কাজের পরিবেশ প্রদান করে_finite 
bin_3713_9025960026.wav	 হলদিয়া পেট্রো কেমিক্যাল ইন্ডাস্ট্রিজ হলদিয়ায় অবস্থিত একটি টেক্সটাইল ও_letter রাসায়নিক শিল্প প্রতিষ্ঠান 
bin_3713_9101884980.wav	 তারা পাঁচ রানে হেরে গেছে 
bin_3713_9125218593.wav	 কালিকাপুর রোড এ_letter অল্প ডান দিকে 
bin_3713_9187402756.wav	 চৌমাথায় বাঁকুড়া  রাঙামাটি চট্রগ্রাম হাটহাজারী মহাসড়কের দিকে প্রথম প্রস্থান ধরুন 
bin_3713_9222201411.wav	 ইউনাইটেড এয়ারলাইন্স তিন ছয় তিন যথাসময়ে প্রস্থান করেছে এটি আজ দুপুর তিন টায় এসে পোঁছাবে 
bin_3713_9258369553.wav	 জলপাইগুড়ি 
bin_3713_9336439811.wav	 ঈয়েল্প ডাউনলোড করা হচ্ছে 
bin_3713_9561631174.wav	 ইন্ডাস্ট্রিয়াল ব্যাংক উনিশ শ_letter চৌত্রিশ সালের কুড়ি আগস্টে প্রতিষ্ঠিত হয়েছিল 
bin_3713_9585668512.wav	 গুগল এর মার্কেট ক্যাপ এক দশমিক দুই তিন বিলিয়ন ডলার 
bin_3713_9620702888.wav	 জমিদারপত্নী রানি রাসমণি দক্ষিণেশ্বর কালীবাড়ি প্রতিষ্ঠা করলে রামকুমার সেই মন্দিরে প্রধান পুরোহিতের পদ গ্রহণ করেন 
bin_3713_9623472832.wav	 জিয়াংসু শাগাং গ্রুপ চীনের বৃহত্তম বেসরকারি কোম্পানি 
bin_3713_9680878709.wav	 চায়না ইউনাইটেড নেটওয়ার্ক কমিউনিকেশনস একটি চীনা রাষ্ট্রীয় টেলিযোগাযোগ অপারেটর 
bin_3713_9685978347.wav	 আপনারা ওখানে যেতে পারেন 
bin_3713_9869915010.wav	 সৌরভ গাঙ্গুলি 
bin_3713_9902814796.wav	 জেমস লং সরণীর দিকে বাম দিক ধরুন 
bin_3713_9909889472.wav	 আমাকে বল_noun 
bin_3713_9925676875.wav	 রিলায়েন্স ইন্ডাস্ট্রিজ এর আইপিও এর লটারির রেজাল্ট প্রকাশিত হয়েছে 
bin_3713_9993617941.wav	 কবির সুমন 
bin_3958_0581592258.wav	 এগুলো আপনার গুগল ড্রাইভ এর ডকুমেন্টস 
bin_3958_1722051510.wav	 আমি একসম্য জ্যোতির্বিজ্ঞানি হতে চেয়েছিলাম 
bin_3958_1829127588.wav	 মোড়ে গিয়ে বাঁদিকে বেঁকে যাবেন 
bin_3958_2902258526.wav	 জামালপুর 
bin_3958_3783985641.wav	 বার্সেলোনা ও_letter ম্যাঞ্চেস্টার ইউনাইটেড এর খেলাটি ড্র হয়েছে 
bin_3958_4312111754.wav	 আজ কোন_pronoun মূল্য পরিবর্তন না হয়ে সাতশো পঞ্চাশ টাকায় শেষ হয়েছে 
bin_3958_4801817175.wav	 প্রথম পর্বে মোহন বাগান ও_letter ইস্ট বেঙ্গল এর খেলা পাঁচ গোলে টাই হয়েছে 
bin_3958_5123057067.wav	 নরেন্দ্রপুরের 
bin_3958_6079348628.wav	 ভৈরব 
bin_3958_6377815458.wav	 রাশ বেহারী এভিনিউ রোডেই চলতে থাকুন 
bin_3958_7304261630.wav	 রিলায়েন্স কেমিকাল্স রিলায়েন্স গ্রুপের অন্যতম প্রধান উদ্যোগী প্রতিষ্ঠান 
bin_3958_8186165034.wav	 হ্যা আজ নিউ ইয়র্কে তুষার পরতে পারে 
bin_3958_8589667950.wav	 প্রকৌশল খাতের কোম্পানি বার্ণপুর সিমেন্ট চলতি হিসাব বছরের অর্ধবার্ষিকে লোকসানের সম্মুখীন হয়েছে 
bin_3958_8645745301.wav	 আমি যতদুর জানি তেমন কোন_pronoun কাজ নেই 
bin_4046_0005472990.wav	 ভবিষ্যৎ নিরাপদ করতে এল_english আই সি লাইফ ইন্স্যুরেন্স এগিয়ে 
bin_4046_0011422493.wav	 নিসান মোটর কোম্পানি জাপানি বহুজাতিক অটোমোবাইল নির্মাতা প্রতিষ্ঠান 
bin_4046_0062202177.wav	 হাওড়া ব্রিজ এর নতুন নাম রবীন্দ্র সেতু 
bin_4046_0063327940.wav	 দুঃখিত আপনার অ্যালার্মটি কখন পুনরাবৃত্তি করতে হবে 
bin_4046_0087673810.wav	 ওয়াইফাই এক্সেস বন্ধ করছি 
bin_4046_0123587135.wav	 এই যন্ত্রে মিডিয়া পরিচালনা করা সম্ভব নয় 
bin_4046_0126334629.wav	 ক্রেডিট এগ্রিকোলের অপর নাম গ্রিন ব্যাংক 
bin_4046_0157464384.wav	 চৌমাথায় তৃতীয় প্রস্থান ধরুন এবং কাজী নজরুল ইসলাম সরণিতে থাকুন 
bin_4046_0254424734.wav	 রিভারসাইড যাবার জন্য বার্ণপুর যাওয়ার বাস_noun ধরুন 
bin_4046_0287839839.wav	 বালিগঞ্জ সার্কুলার রোড এ_letter বাম দিকে বাঁক নিন 
bin_4046_0339866054.wav	 আমি কাজ করতে চাই না 
bin_4046_0350501019.wav	 আচ্ছা এখন কি ঠিক আছে 
bin_4046_0361768738.wav	 কন্টিনিউ করতে চাইলে পাঠান বা বাতিল এ_letter স্পর্শ করুন 
bin_4046_0375919140.wav	 মূল্য দুই দশমিক তিন শতাংশ ঠেকে সাতশো পঞ্চাশ টাকায় হয়েছে 
bin_4046_0379280431.wav	 মানিকতলার জন্য আজকের সর্বোচ্চ তাপমাত্রার পূর্বাভাস হল_verb চৌত্রিশ ডিগ্রি সেলসিয়াস 
bin_4046_0398163668.wav	 ইন্ডিয়ান এয়ারলাইন্স তিন ছয় তিন যথাযথ সময়ে আছে এটি আগামিকাল দুপুর তিন টায় ছেড়ে যাবে 
bin_4046_0476312825.wav	 সবাই বলে_finite যে এই পুরানো বাড়িটায় ভুত আছে 
bin_4046_0484600194.wav	 দিলি পূর্ব টিমোরের রাজধানী 
bin_4046_0526210642.wav	 মহাত্মা গান্ধী রোডে দু শো গজ এগিয়ে বাম দিকে বাঁক নিন 
bin_4046_0533089200.wav	 প্রিন্সেপ ঘাট  আলিপুর মহাসড়ক এ_letter অল্প বাম দিকে 
bin_4046_0698977697.wav	 ডাউ কেমিক্যাল আমেরিকান কেমিক্যাল কাউন্সিলের সদস্য 
bin_4046_0860218068.wav	 ইউনাইটেড এয়ারলাইন্স তিন ছয় তিন যথাসময়ে প্রস্থান করেছে এটি আজ দুপুর তিন টায় এসে পোঁছাবে 
bin_4046_0917070611.wav	 লক্ষ্মণ সিলভানিয়া ভারতে বৈদ্যুতিক আলোর বাল্ব প্রস্তুতকারক হিসেবে অগ্রগামী 
bin_4046_0945074267.wav	 মহাত্মা গান্ধী রোডে এসে অল্প ডান দিক ধরুন 
bin_4046_1017741876.wav	 আমি ঘরটা ছেড়ে দিচ্ছি 
bin_4046_1045189560.wav	 নতুন দিনটা কোনটি 
bin_4046_1211712136.wav	 হ্যাঁ কলকাতায় এই সপ্তাহে শিলাবৃষ্টি আশা করা যায় 
bin_4046_1230092324.wav	 বড়বাজার রোড এ_letter ডান দিকে বাঁক নিন 
bin_4046_1233070723.wav	 হুগলি 
bin_4046_1393574506.wav	 এটা ভুল রাস্তা 
bin_4046_1449309384.wav	 সুকান্ত ভট্টাচার্য 
bin_4046_1485343284.wav	 চৌমাথায় মালদা  ফারাক্কা মহাসড়কে দ্বিতীয় প্রস্থান ধরুন 
bin_4046_1495017614.wav	 এভারেডি ভারতের সবচেয়ে বড় ব্যাটারি উৎপাদন এবং  i_letter-en s_letter-en o_letter-en সার্টিফাইড কোম্পানি 
bin_4046_1524321439.wav	 ড্রিউ ব্রীস পাঁচ রাশিং ইয়ার্ড অর্জন করেছে 
bin_4046_1572241647.wav	 প্রিমিয়ার সিমেন্ট মিলস এখন অধিক বিক্রিত সিমেন্ট 
bin_4046_1752738065.wav	 এই তালিকার জন্য ব্যবহৃত প্রারম্ভিক ঘন্টার কোন_pronoun হিসাব পাওয়া যায়নি 
bin_4046_1805978128.wav	 শুধু পুনরাবৃত্তির দিন গুলো বলুন যেমনঃ প্রতি মঙ্গলবার 
bin_4046_1822585608.wav	 হকি দুই দলের মধ্যে খেলা হয় এমন খেলার গোত্রীয় একটি খেলা 
bin_4046_1846920870.wav	 শুল্কমুক্ত জিনিস কেনার দোকানটা কোথায় 
bin_4046_1880309718.wav	 আপনি কি অনুগ্রহ করে_participle আর একবার বলতে পারবেন 
bin_4046_1903967045.wav	 আপনার বাড়ি থেকে কর্মস্থলের দূরত্ব এক মাইল 
bin_4046_1928052285.wav	 লিগ্যাসি ফুটওয়্যার একটি রপ্তানিমুখী চামড়া জুতার উৎপাদন ইউনিট 
bin_4046_1968389384.wav	 এখানে টম ক্রুজের মুভিগুলো ও_letter টি ভি শো গুলো দেয়া হল_verb 
bin_4046_1979731720.wav	 ঊনিশশো সাঁইত্রিশ সালে মাওলানা ভাসানী কংগ্রেস ত্যাগ করে_participle মুসলিম লীগে যোগদান করেন 
bin_4046_2166887806.wav	 সুভাষচন্দ্র বসু ছিলেন ভারতের স্বাধীনতা সংগ্রামের এক কিংবদন্তি নেতা 
bin_4046_2229341902.wav	 এরপর তাঁর পরিবার তীব্র অর্থকষ্টের মধ্যে পড়ে 
bin_4046_2365953179.wav	 আপনি যাকে খুঁজছেন তার পরিচিতি নাও থাকতে পারে খুঁজে নিতে স্পর্শ করুন 
bin_4046_2402436578.wav	 দয়া করে_participle আমার মালপত্রটা দেখবেন 
bin_4046_2469312545.wav	 আমরা হারিয়ে গেছি 
bin_4046_2674630301.wav	 রেমন্ড এর মার্কেট ক্যাপ এখানে নেই 
bin_4046_2718511712.wav	 মতিঝিলে থাকতে অল্প ডান দিক ধরুন 
bin_4046_2732418736.wav	 রফিক উদ্দীন আহমেদ মহান ভাষা আন্দোলনের অন্যতম শহীদ 
bin_4046_2779507620.wav	 বাঁকুড়া  বিষ্ণুপুর সড়ক থেকে অল্প বাম দিকে 
bin_4046_2844781431.wav	 মানিকতলা মেন রোড এ_letter বাম দিকে বাঁক নিন 
bin_4046_2861267226.wav	 পাকুর সদর হাসপাতাল রোডে থাকতে বাম দিক ধরুন 
bin_4046_2894371989.wav	 নিয়ামে নাইজারের রাজধানী 
bin_4046_2899017419.wav	 শ্যামবাজার পাঁচ মাথার গোলচত্বরে দ্বিতীয় প্রস্থান ধরুন এবং আচার্য প্রফুল্ল চন্দ্র রোড এ_letter থাকুন 
bin_4046_2938735287.wav	 ছবিগুলো পরীক্ষা করে_participle দেখো 
bin_4046_2999060643.wav	 হুমায়ূন আজাদ 
bin_4046_3039167048.wav	 প্রকৌশল খাতের কোম্পানি বার্ণপুর সিমেন্ট চলতি হিসাব বছরের অর্ধবার্ষিকে লোকসানের সম্মুখীন হয়েছে 
bin_4046_3095458147.wav	 শুধুমাত্র আগামী চব্বিশ ঘন্টার জন্য অ্যালার্ম সেট করা সম্ভব 
bin_4046_3182976684.wav	 একতারা একজাতীয় বাঙালি লোকবাদ্যযন্ত্র 
bin_4046_3228877594.wav	 ই_letter এম বাইপাসের পাশে সাইন্স সিটি আছে 
bin_4046_3246791435.wav	 ব্যাংক অব আমেরিকা একটি আমেরিকান বহুজাতিক ব্যাংকিং ও_letter আর্থিক সেবাদানকারি প্রতিষ্ঠান 
bin_4046_3342302532.wav	 আমি কিছু খেতে চাই 
bin_4046_3352061072.wav	 মহারাষ্ট্র ভারতের পশ্চিম দিকের একটি রাজ্য রাজ্যের রাজধানীর নাম মুম্বাই 
bin_4046_3447637542.wav	 দুঃখিত কখন 
bin_4046_3519483908.wav	 পারামারিবো সুরিনামের রাজধানী 
bin_4046_3525288411.wav	 লালন 
bin_4046_3562370613.wav	 লিওনেল আন্দ্রেস লিও মেসি একজন আর্জেন্টিনীও ফুটবলার 
bin_4046_3588138096.wav	 কোনটা 
bin_4046_3609914962.wav	 এখনও বুঝতে পারিনি সামনের দিকে এগোতে স্পর্শ করুন 
bin_4046_3618131449.wav	 শেনহুয়া গ্রুপ চীনের বৃহত্তম কয়লা উৎপাদনকারী কোম্পানি 
bin_4046_3657995595.wav	 সে বাচ্চাদের মত_adjective ঘুমাচ্ছে 
bin_4046_3668477988.wav	 সোমবারে সারাদিন খোলা থাকে 
bin_4046_3703401992.wav	 কুড়িগ্রাম 
bin_4046_3713950082.wav	 ড্রিউ ব্রীস পাঁচ বার দৌড়ে এসে টাচডাউন করেছে 
bin_4046_3729031389.wav	 এর কারণ তুমি একলা হতে চাও না 
bin_4046_3733422600.wav	 পূর্বাভাসে বলা হয়েছে কলকাতায় আজকের আদ্রতার পরিমান হবে এক শতাংশ 
bin_4046_3765204869.wav	 চৌমাথায় প্রথম প্রস্থান ধরুন এবং বহরমপুর  পলাশী মহাসড়কে থাকুন 
bin_4046_3794513222.wav	 প্রি মার্কেট মূল্য হল_verb সাতশো পঞ্চাশ ডলার 
bin_4046_3866229489.wav	 রবীন্দ্রনাথ ঠাকুরের পিতার নাম দেবেন্দ্রনাথ ঠাকুর 
bin_4046_3984231213.wav	 মেনল্যান্ড চায়না আগামী মঙ্গলবার রাত দুটো পর্যন্ত খোলা থাকবে 
bin_4046_3991911642.wav	 স্ট্যান্ডার্ড চার্টার্ড ব্যাংকে ইন্টারনেট ব্যাংকিং এর সুবিধা রয়েছে 
bin_4046_4009651233.wav	 মহাত্মা গান্ধী রোড এ_letter থাকতে ডান দিক ধরুন 
bin_4046_4126195368.wav	 কেনা বেচার পূর্বে মূল্য দুই দশমিক তিন শতাংশ কমে সাতশো পঞ্চাশ ডলার হয়েছে 
bin_4046_4158704177.wav	 রিলায়েন্স ফাইন্যান্স অ্যান্ড ইনভেস্টমেন্ট এর অফিসিয়াল ওয়েবসাইটের ডিজাইন নজর কাড়ে 
bin_4046_4276013689.wav	 মাদার টেরেসা সরণির সাথে চলতে থাকুন 
bin_4046_4347688366.wav	 রেইকিয়াভিক আইসল্যান্ডের রাজধানী 
bin_4046_4388142315.wav	 কবির সুমন 
bin_4046_4448628279.wav	 মুহাম্মদ ইউনূসের সহধর্মিনী ডঃ আফরোজী ইউনুস 
bin_4046_4463506178.wav	 প্রি মার্কেট ট্রেডিং সময় দাম দুই দশমিক তিন শতাংশ বেড়ে সাতশো পাঁচ টাকা হয়েছে 
bin_4046_4569482493.wav	 লিবার্টি মিউচুয়াল ইন্স্যুরেন্স গ্রুপ একটি আমেরিকান বিমা কোম্পনি 
bin_4046_4617845778.wav	 রামকৃষ্ণ পরমহংস গ্রামীণ পশ্চিমবঙ্গের এক দরিদ্র বৈষ্ণব ব্রাহ্মণ পরিবারে জন্মগ্রহণ করেন 
bin_4046_4655390386.wav	 ভাজ্জি পাঁচটি উইকেট অর্জন করেছেন 
bin_4046_4713918384.wav	 জেএফকে থেকে এলএএক্স এর ইউনাইটেড এয়ারলাইনস ফ্লাইট চৌদ্দ শ_letter বাহাত্তর দুপুর তিনটে পর্যন্ত বিলম্বিত হয়েছে 
bin_4046_4761893412.wav	 হাজরা রোড এ_letter বাম দিকে বাঁক নিন 
bin_4046_4793216883.wav	 কলকাতা  দুর্গাপুর মহাসড়ক অতি পরিচিত একটি পথ 
bin_4046_4813078661.wav	 জেএফকে থেকে l_letter-en a_letter-en x_letter-en এর ইউনাইটেড এয়ারলাইনস ফ্লাইট চৌদ্দ শ_letter বাহাত্তর আজ দুপুর তিন টেয় পৌঁছাবে 
bin_4046_4828925531.wav	 দুঃখিত রিমাইন্ডার সেট করা হয়নি আবারও চেষ্টা করুন 
bin_4046_4878657539.wav	 দশ মার্কিন ডলার আটশত টাকার সমতুল্য হয় 
bin_4046_4879113751.wav	 আপনি প্রথম মানুষ নন যে আমাকে এই কথাটা বলেছে 
bin_4046_4885561656.wav	 তাদের পরবর্তী খেলা সাত নভেম্বর বিকেল চারটাতে 
bin_4046_4929193095.wav	 কোন_noun ফোন নাম্বার 
bin_4046_5022137372.wav	 পরের মোড়টায় ডানদিকে বেঁকে যাবেন 
bin_4046_5027748740.wav	 এস_en এম এস_en 
bin_4046_5072956645.wav	 জিমেলে এমন কোন_pronoun বিল পাওয়া যায় নি 
bin_4046_5084295484.wav	 অটোয়া কানাডার রাজধানী 
bin_4046_5093578379.wav	 আমি একথা কোনদিন কাউকে বলিনি 
bin_4046_5100257242.wav	 চ্যাম্পিয়নস লিগে টানা চার মৌসুমে সর্বোচ্চ গোল করার কৃতিত্ব গড়েছেন 
bin_4046_5132219041.wav	 হিন্দু সৌর পঞ্জিকা অনুসারে বাংলা বার মাস অনেককাল আগে থেকেই পালিত হতো 
bin_4046_5161334337.wav	 বিড়ালের ছবি ঠিক আছে 
bin_4046_5208127642.wav	 অডিট কমিটি নিয়মিত প্রগ্রেসিভ লাইফ ইন্স্যুরেন্স পরিদর্শন করে_finite 
bin_4046_5213677364.wav	 বেলগ্রেড সার্বিয়ার রাজধানী 
bin_4046_5263041133.wav	 কল করা হল_verb 
bin_4046_5272456727.wav	 বরানগর  ব্যারাকপুর মহাসড়ক দুই শ_letter গজ সামনে 
bin_4046_5341760250.wav	 ন্যাশনাল ফিড মিল পোল্ট্রি পশুসম্পদ ও_letter অ্যাকুয়াটিক_mispron ফিড ব্যবসায় তারা যাত্রা শুরু করার জন্য প্রস্তুত 
bin_4046_5404872678.wav	 সেইন্ট গোবেইন প্রথম দিকে মূলত একটি কাঁচ তৈরির প্রতিষ্ঠান ছিল 
bin_4046_5407382178.wav	 চায়না হুয়ানেং গ্রুপ চীনের পাঁচটি বৃহত্তম রাষ্ট্রীয় মালিকানাধীন বৈদ্যুতিক সেবাদানকারী প্রতিষ্ঠানের মধ্যে একটি 
bin_4046_5436777491.wav	 আব্দুল কালাম আজাদ দেশের মানুষের কাছে শিক্ষিত জননেতা হিসাবে পরিচিত 
bin_4046_5542895806.wav	 মেঘনাদ সাহা একজন ভারতীয় লেখক পদার্থবিদ ও_letter শিক্ষাবিদ 
bin_4046_5676500516.wav	 হুন্ডাই মোটর নতুন মডেলের গাড়ির প্রদর্শনীর আয়োজন করল 
bin_4046_5778713447.wav	 জাপান পোস্ট হোল্ডিংস দীর্ঘদিন ধরে_participle পোস্ট অফিস ব্যাংক বিমা ও_letter ব্যবসা পরিচালনা করে_finite 
bin_4046_5894647487.wav	 আপনার হোম ঠিকানা ব্যবহার করতে সাইন ইন করুন 
bin_4046_6054083609.wav	 পাঠান ছাব্বিশ রান করেছেন 
bin_4046_6092786976.wav	 এমিলি কে আপনার মা হিসেবে চিনতে পারছেন 
bin_4046_6110745248.wav	 এল_english আই সি ইন্স্যুরেন্সের ভারতের ইন্স্যুরেন্স খাতা এ_letter সক্রিয় ভূমিকা আছে 
bin_4046_6172793334.wav	 প্রায় একশো টি দেশে সেভেন and আই হোল্ডিংস এর চুয়ান্ন হাজার দোকান রয়েছে 
bin_4046_6229067315.wav	 স্বামী বিবেকানন্দ কলকাতার এক উচ্চবিত্ত হিন্দু বাঙালি পরিবারে জন্মগ্রহণ করেছিলেন 
bin_4046_6241034211.wav	 তেল আবিব থেকে নিউ ইয়র্ক হয়ে এল_english এল_english দুই ফ্লাইটটি অবতরন করেছে 
bin_4046_6338785381.wav	 এইচপি কম্পিউটার পণ্য ব্যাটারি লাইফ বিশ মিনিট 
bin_4046_6352363390.wav	 মেক্সিকো ক্যামেরুন ম্যাচের লাইনআপ দেয়া হল_verb 
bin_4046_6579664711.wav	 আপনার ফ্লাইট তিন আগস্ট দুপুর তিনটেতে প্রস্থান করবে 
bin_4046_6587657668.wav	 রানিগঞ্জ অন্ডাল মহাসড়ক থেকে ডান দিকে চলুন 
bin_4046_6686613406.wav	 আচ্ছা ষোলই অক্টোবর আপনি কি এটা সংরক্ষণ করতে চান 
bin_4046_6710779871.wav	 দেশের প্রতিটি জেলায় এল_english আই সি লাইফ ইন্স্যুরেন্স এর শাখা রয়েছে 
bin_4046_6810096489.wav	 তোর ঘুমানো উচিৎ 
bin_4046_6944287847.wav	 সুভা ফিজির রাজধানী 
bin_4046_6965698761.wav	 বাজারে কেনা বেচার পূর্বে এটা দুই দশমিক তিন শতাংশ বেড়ে সাতশো পঞ্চাশ টাকায় হয়েছে 
bin_4046_6978741774.wav	 কার্ডিনাল হেলথ অ্যামেরিকার হাসপাতালে মেডিকেল সামগ্রি সরবারহ করে_finite 
bin_4046_6987413842.wav	 ইন্ডিয়া  কানাডার খেলা নভেম্বরের সাত তারিখ বিকাল চারটেয় অনুষ্ঠিত হবে 
bin_4046_7021291928.wav	 গুগল হ্যান্ডস ফ্রি চালু করা হচ্ছে 
bin_4046_7074837939.wav	 আপনি যাকে পরিচিতিতে খুঁজতে চান তার নাম বলুন বা বাতিল বলে_participle নির্দেশ দিন 
bin_4046_7107006132.wav	 হাউজিং ডেভেলপমেন্ট ফাইন্যান্স কর্পোরেশন দেশের বেসরকারি খাতে অগ্রগামী বৃহত্তম এবং বিশেষজ্ঞ হাউজিং ফাইন্যান্স প্রতিষ্ঠান 
bin_4046_7122642704.wav	 আজকে আসানসোলে উচ্চ তাপমাত্রার পূর্বাভাস তিরিশ ডিগ্রি সেলসিয়াস 
bin_4046_7123213690.wav	 হাউজিং ডেভেলপমেন্ট ফাইন্যান্স কোম্পানি নতুন ডিপোজিট স্কিম প্রকাশ করল 
bin_4046_7452727984.wav	 নেতাজি সুভাষ চন্দ্র বোস দেশের মানুষের কাছে জননেতা হিসাবে সমধিক পরিচিত 
bin_4046_7511276382.wav	 এইগুলো গনেশ পাইনের এর কাজ 
bin_4046_7577919575.wav	 সানলাইফ ইন্স্যুরেন্স কোম্পানির মিশন হলো সুষ্ঠ ও_letter স্বচ্ছ ম্যানেজমেন্টের সঙ্গে স্টেকহোল্ডারের স্বার্থ বজায় রাখা 
bin_4046_7660120976.wav	 কমনওয়েলথ ব্যাংক একটি বিখ্যাত অস্ট্রেলিয়ান ব্যাংক 
bin_4046_7905534066.wav	 হ্যাঁ নিউ ইয়র্কে এই সপ্তাহে তুষারপাত আশা করা যায় 
bin_4046_7915033410.wav	 আজকে নিউ ইয়র্কের উচ্চ তাপমাত্রার পূর্বাভাস এক ডিগ্রি সেলসিয়াস 
bin_4046_7965417657.wav	 এই বছরে রিলায়েন্স মোবাইল সংস্থা বার্ষিক সাধারণ সভার আয়োজন করতে যাচ্ছে 
bin_4046_7978535178.wav	 স্লামবার্জার বিশ্বের বৃহত্তম তৈলক্ষেত্র পরিষেবা কোম্পানি 
bin_4046_8162594600.wav	 গত বছর এইচ এম টি ওয়েস্ট ম্যানেজমেন্ট ক্যাটাগরিতে সোস্যাল এন্ড এনভারমেন্টাল এক্সিলেন্স প্লাটিনাম এ্যাওয়ার্ড লাভ করেছে 
bin_4046_8207910509.wav	 খোঁজকৃত পাতার সাথে মিলে যায় এমন কোনো ফলাফল নেই 
bin_4046_8318653666.wav	 আজ বার্নপুরে উত্তর_noun দিক থেকে ঘন্টায় এক মাইল বেগে বায়ু প্রবাহিত হচ্ছে 
bin_4046_8389659641.wav	 রবিবারে সাত নভেম্বর দুই হাজার বারো সাল 
bin_4046_8401090211.wav	 দশ ফিট হল_verb তিন দশমিক শুন্য পাঁচ মিটার 
bin_4046_8422179558.wav	 আমি আপনার কথা বুঝতে পারছি না 
bin_4046_8484647308.wav	 মানিকতলা 
bin_4046_8510616497.wav	 এনেল বহুজাতিক প্রস্তুতকারক প্রতিষ্ঠান এবং বিদ্যুৎ ও_letter গ্যাসের পরিবেশক_mispron 
bin_4046_8567416164.wav	 মাল্টিমোড কেমিক্যালস ভারতে শ্রেষ্ঠমানের পিই ফোম পণ্য উৎপাদনের জন্য বাজারে নেতৃত্বস্থানীয় 
bin_4046_8694298923.wav	 লালন জলপাইগুড়ির কুমারখালি উপজেলার ছেউড়িয়াতে একটি আখড়া তৈরি করেন যেখানে তিনি তার শিষ্যদের নীতি ও_letter আধ্যাত্মিক শিক্ষা দিতেন 
bin_4046_8886339445.wav	 আপনার রিমাইন্ডারগুলো জানতে সাইন ইন করুন 
bin_4046_8897985220.wav	 প্রিমিয়ার লীগের তালিকায় ইন্ডিয়া প্রথম অবস্থানে আছে 
bin_4046_8912604288.wav	 প্রদত্ত ফোন নম্বরের সাথে কোন_pronoun মিল নেই তালিকায় একটি নম্বরে স্পর্শ করুন 
bin_4046_8919647529.wav	 আফটার আওয়ার ট্রেডিং এর সময় দাম দুই দশমিক তিন শতাংশ বেড়ে সাতশ পাঁচ ডলার পর্যন্ত ওঠে 
bin_4046_8922486720.wav	 আমাকে ঘুমাতে যেতে হবে 
bin_4046_9041935010.wav	 ইউনাইটেড এয়ারলাইন্স এর ফ্লাইট নং চৌদ্দ শ_letter বাহাত্তর দুপুর তিনটায় জে এফ কে থেকে ছেড়ে এল_english এ_letter এক্স এ_letter পৌঁছবে 
bin_4046_9044714154.wav	 ই_letter মেল বাতিল করা হল_verb 
bin_4046_9081029495.wav	 দুঃখিত আপনি কি তা সংরক্ষণ করতে চান 
bin_4046_9109758677.wav	 আবুল বরকত 
bin_4046_9137531231.wav	 শ্রী রত্ন লক্ষ্মী স্পিনিং মিলস নামিদামি বিদেশি ব্র্যান্ডের সাথে ব্যবসায়িক সম্পর্ক স্থাপন করেছে 
bin_4046_9154315979.wav	 আই এন জি লাইফ ইন্স্যুরেন্স এর বিজ্ঞাপন টিভিতে চোখে পড়ে 
bin_4046_9204778317.wav	 দুর্গাপুরে আজকে আদ্রতা বারো শতাংশ 
bin_4046_9294993103.wav	 বাড়ির দিকে ন্যাভিগ্যাট করা হচ্ছে 
bin_4046_9336857345.wav	 নিউ ইয়র্কে আজকে আদ্রতা বারো শতাংশ 
bin_4046_9346459317.wav	 যতীন দাস পার্ক 
bin_4046_9374846622.wav	 এসিএস একটি ব্রিটিশ আইনি প্রতিষ্ঠান 
bin_4046_9465028195.wav	 এসকে হোল্ডিংস উনিশ শত তিপ্পান্ন সালে দক্ষিণ কোরিয়াতে স্থাপিত হয় 
bin_4046_9470979055.wav	 তাল্লিন ইস্তোনিয়ার রাজধানী 
bin_4046_9485488145.wav	 এক্ষেত্রে নোটে যা প্রয়োজন সে সম্পর্কে বলুন 
bin_4046_9568295187.wav	 ইন্দিরা গান্ধীর স্বামীর নাম ফিরোজ গান্ধী 
bin_4046_9628329910.wav	 বার্তা সম্পাদন করুন 
bin_4046_9699116344.wav	 মহাত্মা গান্ধী রোডে সোজা এগিয়ে চলুন 
bin_4046_9734631625.wav	 দুঃখিত আপনি কি দা ফেম মন্সটার এ্যালবামের গান শুনতে চান 
bin_4046_9819083672.wav	 কিছু বিড়ালের ছবি 
bin_4046_9866660373.wav	 ইন্ডিয়া ওয়ার্ল্ড কাপের কোয়ার্টার ফাইনালে পৌঁছেছে 
bin_4046_9877870200.wav	 নরেন্দ্রপুর 
bin_4046_9901518658.wav	 সেনা কল্যাণ ভবন 
bin_4046_9988643544.wav	 উনিশে মে হোটেল সুন্দরবনে আপনার রিজারভেশন শেষ হবে 
bin_4046_9990843426.wav	 দশ মাইলের ভেতর অবস্থিত স্টার কাবাব তালিকা দেয়া হল_verb 
bin_4811_0004028137.wav	 এখন কলকাতার তাপমাত্রা চৌতিরিশ ডিগ্রি সেলসিয়াস 
bin_4811_0016321585.wav	 এক ডিগ্রি সেলসিয়াস তাপমাত্রায় বাতাস সহ তুষারপাত হতে পারে 
bin_4811_0176873776.wav	 দোহা কাতারের রাজধানী 
bin_4811_0353563204.wav	 ড্রিউ ব্রীস পাস_verb করার হার পাঁচ শতাংশ 
bin_4811_0386867509.wav	 ড্রিউ ব্রীস পাঁচ বার পান্ট এন্ডিং টাচব্যাক করেছে 
bin_4811_0470243743.wav	 এটি পাঠান বা বাতিল বলুন অথবা টেক্সট সম্পাদনা করতে স্পর্শ করুন 
bin_4811_0495839587.wav	 বিদ্যাসাগর সেতুতে বাম দিকে ধরুন 
bin_4811_0603307696.wav	 ঢাকুরিয়া ফ্লাইওভার পর্যন্ত সোজা চলতে থাকুন 
bin_4811_0630705540.wav	 কফকো চীনের রাষ্ট্রীয় মালিকানাধীন খাদ্য প্রক্রিয়াকরণ কোম্পানি 
bin_4811_0743791471.wav	 বার্লিন জার্মানির রাজধানী 
bin_4811_0813178055.wav	 বাঁকুড়ায় বাতাসের গতিবেগ জানা যাচ্ছেনা 
bin_4811_0817073649.wav	 নিউ ইয়র্কে মাইনাস এক ডিগ্রি সেলসিয়াস তাপমাত্রায় বাতাসের সাথে তুষারপাত আছে 
bin_4811_0857943537.wav	 বার্তা পাঠাচ্ছি 
bin_4811_0899856355.wav	 টেসোরোরে সারা পৃথিবীতে পাঁচ হাজার সাত শত জন কর্মী আছে 
bin_4811_1135326099.wav	 ইন্টারন্যাশনাল পেট্রোলিয়াম ইনভেস্টমেন্ট আবুধাবি সরকার দ্বারা প্রতিষ্ঠিত হয় 
bin_4811_1286382215.wav	 আবুল বরকত 
bin_4811_1364885151.wav	 হারারে জিম্বাবুয়ের রাজধানী 
bin_4811_1386673867.wav	 কুম্বলে পাঁচ উইকেট অর্জন করেছে 
bin_4811_1405546464.wav	 এটা খালি নিজস্ব রুচির ব্যাপার 
bin_4811_2062571276.wav	 ড্রিল থেকে উদ্ভব 
bin_4811_2136349487.wav	 ই_letter এম বাইপাসে উঠতে এই পথটি ব্যবহার করুন 
bin_4811_2262796765.wav	 আমি এখনও বুঝতে পারিনি আপনার নোটে কি প্রয়োজন বলুন 
bin_4811_2285724590.wav	 নিয়ামে নাইজারের রাজধানী 
bin_4811_2376603823.wav	 ওয়াইফাই এক্সেস বন্ধ করছি 
bin_4811_2505732065.wav	 খোঁজকৃত পাতার সাথে মিলে যায় এমন কোনো ফলাফল নেই 
bin_4811_2657648390.wav	 মাল্টিমোড কেমিক্যালস ভারতে শ্রেষ্ঠমানের পিই ফোম পণ্য উৎপাদনের জন্য বাজারে নেতৃত্বস্থানীয় 
bin_4811_2675433009.wav	 আমরা জলখাবারের জন্য প্যানকেক বানিয়েছিলাম 
bin_4811_2918166678.wav	 ব্রিজের নিচে অন্ধকার ছিল 
bin_4811_3082393124.wav	 কোন_noun ফোন নাম্বার 
bin_4811_3408380835.wav	 সোমবারে সারাদিন খোলা থাকে 
bin_4811_3495555627.wav	 আমার মা আসতে পারবে না 
bin_4811_3576795673.wav	 লেভাইস ডেনিম দেশের অন্যতম একটি আধুনিক কম্পোজিট মিল 
bin_4811_3609111371.wav	 ড্রিউ ব্রিস পাঁচ বার ফিল্ড গোল আটকে দিয়েছেন 
bin_4811_3682577285.wav	 ফনম পেন কম্বোডিয়ার রাজধানী 
bin_4811_3700292874.wav	 কল্যানী 
bin_4811_3745825103.wav	 তিন আগস্ট দুপুর তিনটের ইউনাইটেড এয়ারলাইনস তিন ছয় তিন ফ্লাইট বাতিল করা হয়েছে 
bin_4811_3920709971.wav	 আইডিএলসি ফাইন্যান্স বিভিন্ন আর্থিক প্রতিষ্ঠানের সহযোগিতায় গঠিত হয় 
bin_4811_4185256905.wav	 তেশরা অক্টোবর 
bin_4811_4203815165.wav	 হিতাচি একটি জাপানি বহুজাতিক কোম্পানি 
bin_4811_4206366034.wav	 অ্যাপেক্স ফুডস লিমিটেড বিআরসি সনদ প্রাপ্ত খাদ্য উৎপাদন ও_letter বিপনন প্রতিষ্ঠান 
bin_4811_4254246417.wav	 এইগুলো জেনিফার অ্যানিস্টন এর টি ভি শো 
bin_4811_4286960687.wav	 কলকাতা ইলেকট্রিক সাপ্লাই কোম্পানি নিরাপদ নির্ভরযোগ্য এবং টেকসই বিদ্যুৎ প্রদানের মাধ্যমে অর্থনৈতিক উন্নয়ন ও_letter সামাজিক অগ্রগতিতে অবদান করে_participle যাচ্ছে 
bin_4811_4461565187.wav	 দয়া করে_participle এখানে অপেক্ষা করুন 
bin_4811_4505399163.wav	 কায়রো মিশরের রাজধানী 
bin_4811_4679159269.wav	 এখনও ঠিক বুঝতে পারিনি শুধু লেবেল বলুন যেমনঃ কাজের এলার্ম 
bin_4811_4813728810.wav	 ইউনাইটেড পাওয়ার জেনারেশন এন্ড ডিস্ট্রিবিউশন কোম্পানির আগের নাম ছিলো মালঞ্চ হোল্ডিংস 
bin_4811_4986601249.wav	 কল করা হল_verb 
bin_4811_5094515476.wav	 কলকাতা যেতে হলে_verb দুর্গাপুর এক্সপ্রেস ওয়ে ধরে_participle এগিয়ে যান 
bin_4811_5273133630.wav	 আমি এখনো বুঝতে পারিনি আপনি শিরোনাম বলতে পারেন যেমন বন্ধুদের সাথে ডিনার 
bin_4811_5434178312.wav	 এখানে কলকাতা লীগের শিডিউল দেয়া হল_verb 
bin_4811_5561642628.wav	 মোহামেডান এবং সালগাঁওন্কার ম্যাচের কোন_pronoun ফলাফল হয়নি 
bin_4811_5690681532.wav	 দুঃখিত আপনার অ্যালার্মের সময়টা কি 
bin_4811_5807967456.wav	 না নিউ ইয়র্কে এই সপ্তাহে কোন_pronoun তুষারপাত আশা করা যায় না 
bin_4811_6044552307.wav	 মেসেজ বাতিল করা হচ্ছে 
bin_4811_6047823241.wav	 আগামী উনিশ মে আপনার হোটেল হিল্টন ছেড়ে যাবার সময় 
bin_4811_6109592682.wav	 আমাকে ছটার সময় জাগিয়ে দেবেন 
bin_4811_6283910537.wav	 জাপান পোস্ট হোল্ডিংস দীর্ঘদিন ধরে_participle পোস্ট অফিস ব্যাংক বিমা ও_letter ব্যবসা পরিচালনা করে_finite 
bin_4811_6310130855.wav	 এবিবি বহুজন পরিচিত একটি বহুজাতিক কর্পোরেশন 
bin_4811_6371510286.wav	 দুপুর তিন টেয় এলার্ম সেট করা হচ্ছে 
bin_4811_6736105809.wav	 সেন্ট্রাল ফার্মাসিউটিক্যালস উন্নতমানের ঔষধের জন্য একটি বিশ্বস্ত নাম 
bin_4811_6817001708.wav	 বেঙ্গল প্রেসিডেন্সি বা বাংলা প্রেসিডেন্সি ছিল ব্রিটিশ ভারতের একটি ঔপনিবেশিক অঞ্চল 
bin_4811_7162004210.wav	 যতীন দাস পার্ক 
bin_4811_7174931018.wav	 তাঁর জন্মদিনটি ভারতে জাতীয় যুব দিবস হিসেবে পালিত হয় 
bin_4811_7194397132.wav	 মাদার টেরেসা সরণির সাথে চলতে থাকুন 
bin_4811_7287156212.wav	 ফুমিও সুডো টোকিও ইলেকট্রিক পাওয়ার এর চেয়ারম্যান পদে রয়েছেন 
bin_4811_7309531789.wav	 প্রিন্সেপ ঘাট  আলিপুর মহাসড়ক দিকে অল্প বাম দিক ধরুন 
bin_4811_7342909183.wav	 আপনি কি ই_letter মেইল করতে চান 
bin_4811_7360978554.wav	 ভক্সওয়াগেন জার্মানির বৃহত্তম এবং বিশ্বের দ্বিতীয় বৃহত্তম গাড়ি নির্মাতা প্রতিষ্ঠান 
bin_4811_7364521515.wav	 পোস্কো একটি বহুজাতিক ইস্পাত তৈরির কোম্পানি 
bin_4811_7496145492.wav	 তুমি ওকে চিনলে কি কোরে 
bin_4811_7559959908.wav	 পৃথিবীটা নাকি ছোট হতে হতে গানটি বাজছেঃ 
bin_4811_7680402697.wav	 ইন্দিরা গান্ধী ভারতের প্রথম মহিলা প্রধানমন্ত্রী 
bin_4811_7834283457.wav	 উইলিয়াম সেক্সপিয়ারের নাটকগুলোয় আরো আছে 
bin_4811_7989308884.wav	 আমার ঘুমাতে যাওয়া উচিৎ 
bin_4811_8039206917.wav	 চৌদ্দ ফেব্রুয়ারি দুই হাজার তের বৃহস্পতিবারে ভালবাসা দিবস 
bin_4811_8123903245.wav	 তাদের পরবর্তী খেলা সাত নভেম্বর বিকেল চারটাতে 
bin_4811_8155016836.wav	 হালকা ট্রাফিকে গাড়িতে করে_participle আপনার কর্ম স্থল থেকে বাড়ির দূরত্ব বিশ মিনিটের এই হল_verb আপনার নির্দেশনা 
bin_4811_8193992176.wav	 দম দম রোড এ_letter ডান দিকে বাঁক নিন 
bin_4811_8251161313.wav	 বিশ্বকাপ কোয়াটার ফাইনালে ইন্ডিয়া ইংল্যান্ডকে হারিয়ে উঠেছিল 
bin_4811_8254773335.wav	 ইন্ডিয়া বিশ্বকাপের ষোল দলের পর্বে উঠেছে 
bin_4811_8344930101.wav	 রফিক উদ্দীন আহমেদ ঊনিশশো বাহান্ন সালের একুশে ফেব্রুয়ারী পাকিস্তানী সেনার গুলিতে নিহত হন 
bin_4811_8352453769.wav	 এই হল_verb পরবর্তী অনুমোদনসমূহ 
bin_4811_8474740023.wav	 পিয়ং ইয়াং উত্তর_noun কোরিয়ার রাজধানী 
bin_4811_8478636226.wav	 জওহরলাল নেহেরু সড়কে বাম দিক ধরুন 
bin_4811_8610795388.wav	 তোমার উত্তর_noun সঠিক 
bin_4811_8678473755.wav	 ঠিক আছে পাঁচ মিনিট শুরু করছি 
bin_4811_8846724971.wav	 ইউনাইটেড এয়ারওয়েজ অনলাইন রিজারভেশন সুবিধা প্রদান করে_finite 
bin_4811_8856071122.wav	 কুড়িগ্রাম 
bin_4811_9056008547.wav	 ব্রাজাভিল কঙ্গো প্রজাতন্ত্রের রাজধানী 
bin_4811_9138814765.wav	 বঙ্কিমচন্দ্র চট্টোপাধ্যায় উনিশ শতকের বাঙালি সাহিত্যিক ও_letter সাংবাদিক 
bin_4811_9694723651.wav	 নেপিদ মায়ানমারের রাজধানী 
bin_4811_9775032716.wav	 হাজরা রোড থাকতে বাম দিক ধরুন 
bin_4811_9915894395.wav	 কলকাতা  দুর্গাপুর মহাসড়ক একটি গুরুত্বপূর্ণ সড়ক 
bin_5958_0143163328.wav	 পরিচিতির নাম অথবা বাতিল বলুন 
bin_5958_0419161910.wav	 আমি ইংরাজি পরতে পারি 
bin_5958_0486161213.wav	 মাস্টারদা সূর্য সেন স্বাধীনতা সংগ্রামের অন্যতম শহীদ 
bin_5958_0534930105.wav	 সোয়া নটা বাজে 
bin_5958_0597768545.wav	 সচিন তেন্দুলকারের বাবার নাম রমেশ তেন্দুলকার 
bin_5958_0794912425.wav	 কলকাতা শহরে হাওড়া স্টেশন থেকে শিয়ালদা স্টেশনের দিকে ন্যাভিগেট করছি 
bin_5958_0890989574.wav	 বিদ্যা বালান একজন ভারতীয় মডেল ও_letter চলচ্চিত্র অভিনেত্রী 
bin_5958_1005413370.wav	 গুরুসদয় দত্ত রোড 
bin_5958_1047755925.wav	 সে একটা কালো টুপি পরেছিল 
bin_5958_1065972419.wav	 মহাত্মা গান্ধী রোড এ_letter বাম দিকে বাঁক নিয়ে এগিয়ে যান 
bin_5958_1143259127.wav	 সান হোসে কোস্টা রিকার রাজধানী 
bin_5958_1176673168.wav	 তোমাকে ছাড়া এটা করতেই পারতাম না ধন্যবাদ 
bin_5958_1212317358.wav	 রেসার্ভ ব্যাঙ্ক অফ ইন্ডিয়া টাকার এক্সচেঞ্জ রেট নিয়ন্ত্রণ করে_finite 
bin_5958_1260043618.wav	 দেশ গার্মেন্টস রুচিশীল পোশাক তৈরি ও_letter বিপণন করে_finite 
bin_5958_1359727497.wav	 আফটার আওয়ার ট্রেডিং এ_letter মূল্য দুই দশমিক তিন শতাংশ বেড়ে সাতশো পঞ্চাশ টাকা হয়েছে 
bin_5958_1504823474.wav	 আমার মনে হয় আপনি ঠিক 
bin_5958_1634437587.wav	 স্টেট ব্যাংক অফ ইন্ডিয়া সর্বাধিক এটিএম বুথ নেটওয়ার্ক পরিচালনা করে_finite 
bin_5958_1724614064.wav	 এই হল_verb আপনার ইভেন্ট এখন কি অবস্থা 
bin_5958_1755840062.wav	 তারাওয়া কিরিবাসের রাজধানী 
bin_5958_1806370748.wav	 আরসালানের ফোন নম্বর হল_verb আট আট আট সাত সাত সাত সাত ছয় ছয় ছয় 
bin_5958_1892195385.wav	 এইগুলো কুকুরের কয়েকটি প্রজাতি 
bin_5958_1966038920.wav	 চন্দননগর  কলকাতা মহাসড়কে বাম দিকে বাঁক নিন 
bin_5958_2138804793.wav	 মোগাদিশু সোমালিয়ার রাজধানী 
bin_5958_2311184645.wav	 হুগলি জেলা 
bin_5958_2331003728.wav	 ইন্ডিয়া বিশ্বকাপের রানার আপ 
bin_5958_2391214298.wav	 জলপাইগুড়ি 
bin_5958_2394037829.wav	 সুভাষচন্দ্র পরপর দুইবার ভারতীয় জাতীয় কংগ্রেসের সভাপতি নির্বাচিত হন 
bin_5958_2395299685.wav	 চন্দননগর বান্ডেল রোড এর থেকে উত্তর_noun দিকে মুখ করে_participle চন্দননগর কলকাতা মহাসড়কের দিকে যান 
bin_5958_2462631868.wav	 কোনাক্রি গিনির রাজধানী 
bin_5958_2489132455.wav	 হাজরা রোড থাকতে বাম দিক ধরুন 
bin_5958_2541419104.wav	 জনগুরুত্বপূর্ণ এই সেতুর বড় কোনো ক্ষতি হওয়ার আগেই এর গাইড ওয়াল দ্রুত মেরামত করা উচিত 
bin_5958_2582612188.wav	 লিপটন টি কোম্পানি নতুন চায়ের স্বাদ বাজারে এনেছে 
bin_5958_2706605002.wav	 বরানগর 
bin_5958_2762048179.wav	 ইউনাইটেড এয়ারলাইন্স তিন ছয় তিন দুপুর তিন টায় অবতরণ করেছে 
bin_5958_2769766465.wav	 ড্রিউ ব্রিস পাঁচটি পাসিং টাচডাউন অর্জন করেছেন 
bin_5958_2770394490.wav	 সতেরশো বাহাত্তর সালে মুর্শিদাবাদ শহর থেকে বাংলার রাজধানী কলকাতায় স্থানান্তরিত করা হয় 
bin_5958_2771748305.wav	 কোন_noun ই_letter মেইলের ঠিকানা 
bin_5958_2807566404.wav	 রবীন্দ্র সেতু 
bin_5958_2901246563.wav	 জওহরলাল নেহেরু সড়কে বাম দিক ধরুন 
bin_5958_2903508277.wav	 মোহামেডান ও_letter সালগাঁওন্কার খেলাটি ড্র হয়েছে 
bin_5958_2903848754.wav	 ভ্যাটিকান সিটি ভ্যাটিকান সিটির রাজধানী 
bin_5958_3184437009.wav	 আমি খালি আমার ইমেলটা দেখতে চেয়েছিলাম 
bin_5958_3271044559.wav	 রিলায়েন্স টেলিকম এর ক্রেডিট রেটিং গ্রেড এ_letter প্লাস 
bin_5958_3291862920.wav	 ওয়ার্ল্ডকাপ কোয়ার্টার ফাইনালে ইন্ডিয়া বাদ পড়ে গিয়েছিল 
bin_5958_3442350754.wav	 এখানে ঋত্বিক রোশানের মুভিগুলো দেয়া হল_verb 
bin_5958_3537445980.wav	 তারা একটি ইনিংস ও_letter পাঁচ রানে জিতেছে 
bin_5958_3617575905.wav	 ভারতের প্রথম রাষ্ট্রপতি রাজেন্দ্র প্রসাদ 
bin_5958_3620552327.wav	 বুখারেস্ট রোমানিয়ার রাজধানী 
bin_5958_3621124760.wav	 আপনার কোন_pronoun বাড়ির ঠিকানা সংরক্ষিত নেই 
bin_5958_3627922053.wav	 ব্রাতিস্লাভা স্লোভাকিয়ার রাজধানী 
bin_5958_3658252532.wav	 স্টেশনটা দু মাইল দূরে 
bin_5958_3846561538.wav	 হাজরা রোড এ_letter বাম দিকে বাঁক নিন 
bin_5958_3971391145.wav	 রোমান সেনাপতি জুলিয়াস সিজার এ_letter মাসে জন্মগ্রহণ করেছিলেন 
bin_5958_4072771797.wav	 বোগোতা কলম্বিয়াের রাজধানী 
bin_5958_4098203198.wav	 আপনার পরবর্তী ইভেন্ট আজ বেলা তিনটেতে হোটেল সোনার এ_letter 
bin_5958_4197054416.wav	 কলকাতায় বাতাসের গতি বেগ প্রতি ঘণ্টায় এক মাইল ও_letter তা উত্তর_noun দিক থেকে প্রবাহিত হচ্ছে 
bin_5958_4227488329.wav	 আর্জেন্টিনা গ্রুপে পঞ্চম অবস্থানে আছে 
bin_5958_4269648158.wav	 পরের বাসটি কখন ছাড়বে 
bin_5958_4333444429.wav	 এমামি স্পিনিং মিলস দক্ষিণেশ্বরে অবস্থিত 
bin_5958_4414667501.wav	 আমি উত্তরের দক্ষিণে রয়েছি 
bin_5958_4432886250.wav	 মূল্য সাতশো পঞ্চাশ ডলারে স্থিতিশীল ছিল 
bin_5958_4481325955.wav	 আজ নিউ ইয়র্কে মাইনাস এক ডিগ্রি সেলসিয়াস তাপমাত্রা আশা করা যায় 
bin_5958_4484605575.wav	 আন্তানারিভো মাদাগাস্কারের রাজধানী 
bin_5958_4527473721.wav	 হ্যাঁ নিউ ইয়র্কে বৃষ্টি হচ্ছে 
bin_5958_4547416660.wav	 এস_en এস_en কে এম হাসপাতাল ভবানীপুরে অবস্থিত 
bin_5958_4591165644.wav	 এম আর এফ বম্বে স্টক এক্সচেঞ্জে এ_letter ক্যাটেগরির কোম্পানি 
bin_5958_4603231815.wav	 আল্পস পর্বতমালার অন্তর্গত 
bin_5958_4674058449.wav	 হোম ডিপো গৃহ সাজানোর সামগ্রীর জন্য অদ্বিতীয় 
bin_5958_4776238292.wav	 রিজার্ভেশন এর কোন_pronoun তথ্য জিমেইল এ_letter পাওয়া যায়নি 
bin_5958_4988915028.wav	 এইগুলো কোল্ডপ্লের কয়েকটি গান 
bin_5958_5028048201.wav	 বিশ ফুট দৈর্ঘ্যসীমার মধ্যে ড্রিউ ব্রেসের পাঁচ পান্ট আছে 
bin_5958_5061017477.wav	 এখন পৌনে আটটা বাজে 
bin_5958_5321023711.wav	 পাঠিয়ে দিন 
bin_5958_5345158659.wav	 বিরলা স্টিল রি রোলিং মিলস দেশের অর্থনৈতিক বিকাশে বিশেষ অবদান রাখছে 
bin_5958_5408465716.wav	 সোনিয়া গান্ধীর স্বামী রাজীব গান্ধী 
bin_5958_5490309683.wav	 উনিশ মে দুপুর তিনটায় হোটেল সুন্দরবনে আপনার একটি রিজার্ভেশন আছে 
bin_5958_5559200401.wav	 হলদিয়া শহরের জনসংখ্যা হল_verb পনের হাজার সাতশ কুড়ি জন 
bin_5958_5603458762.wav	 কলকাতা যেতে হলে_verb দুর্গাপুর এক্সপ্রেস ওয়ে ধরে_participle এগিয়ে যান 
bin_5958_5793892093.wav	 অ্যালার্মের পুনরাবৃত্তি প্রতিদিন অথবা প্রতি সপ্তাহেই সম্ভব হতে পারে 
bin_5958_5811549705.wav	 নিউ ইয়র্কে বাতাসের গতি বেগ প্রতি ঘণ্টায় এক মাইল ও_letter তা উত্তর_noun দিক থেকে প্রবাহিত হচ্ছে 
bin_5958_5853906823.wav	 ইন্ডিয়ান এয়ারলাইন্স এর ফ্লাইট তিন ছয় তিন বাতিল করা হয়েছে 
bin_5958_6084555251.wav	 আপনি সবসময় অভিযোগ করেন 
bin_5958_6181918487.wav	 ইনটেক ভারতের কেবল ডিএসএল ইন্টারনেট সার্ভিস এবং ব্রডব্যান্ড সেবা প্রদান করে_finite 
bin_5958_6280528786.wav	 আপনার তাকে পরামর্শের জন্য জিজ্ঞাসা করা উচিৎ 
bin_5958_6361006117.wav	 অবশ্যই ছবিগুলো বিড়ালগুলোর 
bin_5958_6368774261.wav	 দম দম 
bin_5958_6432245895.wav	 কে কে আর প্রথম ইনিংসে ব্যাট করছে 
bin_5958_6628716090.wav	 হারারে জিম্বাবুয়ের রাজধানী 
bin_5958_6636174944.wav	 ইয়েরেভান আর্মেনিয়ার রাজধানী 
bin_5958_6657244606.wav	 ব্লুটুথ চালু করছি 
bin_5958_6659364903.wav	 আচার্য জগদীশ চন্দ্র বসু রোড এর দিকে এগিয়ে যেতে বাম দিক ধরুন 
bin_5958_6706871088.wav	 আপনারা দৌড়ান 
bin_5958_6743129177.wav	 মুহাম্মদ ইউনূস গ্রামীণ ব্যাংকের প্রতিষ্ঠাতা 
bin_5958_6862724088.wav	 আপনি কি অনুগ্রহ করে_participle আরো ধীরে ধীরে কথা বলতে পারবেন 
bin_5958_7083404860.wav	 নতুন সময়টা কত 
bin_5958_7093778537.wav	 মালে মালদ্বীপের রাজধানী 
bin_5958_7240574465.wav	 দুঃখিত আপনি কি রক সঙ্গিত শুনতে চাইছিলেন 
bin_5958_7251568049.wav	 হ্যাঁ এখন নিউ ইয়র্কে রোদ উঠেছে 
bin_5958_7308801964.wav	 যতীন্দ্রমোহন বাগচী ছিলেন একজন বাঙালি কবি ও_letter সম্পাদক 
bin_5958_7338693242.wav	 নীল লোহিতের প্রকৃত নাম সুনীল গঙ্গোপাধ্যায় 
bin_5958_7439886864.wav	 রিলায়েন্স ইন্ডাস্ট্রিস এর প্রতিষ্ঠাতা ধীরুভাই আম্বানি 
bin_5958_7507885560.wav	 এমিলির গড়ে দুইটি গোল আছে 
bin_5958_7521285236.wav	 সচিন তেন্দুলকারের সম্পূর্ণ নাম সচিন রমেশ তেন্দুলকার 
bin_5958_7534222255.wav	 বার্সেলোনা ম্যানচেস্টার ইউনাইটেড থেকে চৌতিরিশ  তেইশ এ_letter এগিয়ে আছে 
bin_5958_7598765391.wav	 অষ্টাদশ শতাব্দীর পূর্বে বাংলা ব্যাকরণ রচনার কোন_pronoun উদ্যোগ নেওয়া হয়নি 
bin_5958_7679880131.wav	 তারা পাঁচ রানের ব্যবধানে জিতেছে 
bin_5958_7711978275.wav	 বাঙালির খাদ্যপ্রীতির উপস্থিতি রয়েছে বাঙালির গণমাধ্যমগুলোতেও 
bin_5958_7800120339.wav	 কলকাতার তাপমাত্রা আজ সর্বোচ্চ চৌতিরিশ ডিগ্রী সেলসিয়াস হতে পারে 
bin_5958_7814452545.wav	 আপনার দেয়া ইমেল ঠিকানা পাওয়া যাচ্ছেনা তালিকা থেকে একটি ঠিকানা বাছাই করুন 
bin_5958_7829076400.wav	 হ্যাঁ নিউ ইয়র্কে আজ বৃষ্টিপাতের আশঙ্কা আছে 
bin_5958_7876855308.wav	 আপনার পছন্দ মতো বেছে নিন 
bin_5958_7903914538.wav	 চৌমাথায় মুর্শিদাবাদ  বহরমপুর মহাসড়ক এর তৃতীয় মড়ে বাঁক নিন 
bin_5958_7927488075.wav	 বাড়ি 
bin_5958_7969126677.wav	 মূল্য সাতশো পঞ্চাশ টাকায় স্থিতিশীল ছিল 
bin_5958_7985126436.wav	 সৌরভ গাঙ্গুলি 
bin_5958_8014546126.wav	 চৌমাথায় এস_en এন ব্যানার্জি রোডের তৃতীয় প্রস্থান ধরুন 
bin_5958_8220592851.wav	 হোন্ডা জাপানি বহুজাতিক মোটরগাড়ি কর্পোরেশন 
bin_5958_8286730535.wav	 গুয়াতেমালা সিটি গুয়াতেমালার রাজধানী 
bin_5958_8346411290.wav	 আসমারা ইরিত্রিয়ার রাজধানী 
bin_5958_8348557394.wav	 আপনাকে স্বাগতম 
bin_5958_8374236905.wav	 টার্গেট এর সিইও ব্রায়ান সি কর্নেল 
bin_5958_8462848919.wav	 এই নিন বিড়ালগুলো 
bin_5958_8473157991.wav	 ব্র্যাক ইউনিভার্সিটি 
bin_5958_8494368220.wav	 ওয়েস্টার্ন প্যাসিফিক তালিকায় লেকারস নেতৃত্ব দিচ্ছে 
bin_5958_8529087634.wav	 এটা নিজের ঘর মনে করো 
bin_5958_8530937149.wav	 চায়না সাউদার্ন পাওয়ার গ্রিড বিদ্যুৎ উৎপাদনে অগ্রণী ভূমিকা পালন করে_finite 
bin_5958_8650448218.wav	 ভিডিও রেকর্ড করার জন্য ইয়েল্প খোলা হচ্ছে 
bin_5958_8688670549.wav	 ইউনিক হোটেল এন্ড রিসোর্ট ভারতে ওয়েস্টিন হোটেলের যাত্রা শুরু করে_finite 
bin_5958_8808300362.wav	 চন্দননগর 
bin_5958_8953872703.wav	 এটি গুরুত্বপূর্ণ না 
bin_5958_8984808722.wav	 কলকাতার দক্ষিনে বাতাসের গতিবেগ জানা যাচ্ছেনা 
bin_5958_8993798773.wav	 এই মাছগুলো তাহো লেকে পাওয়া যায় 
bin_5958_9034235737.wav	 তোমাদেরকে আবার দেখে ভালো লাগলো 
bin_5958_9052799920.wav	 ইন্ডিয়া ক্রিকেট দলের সম্প্রতি কোন_pronoun খেলা নেই 
bin_5958_9053673334.wav	 এন্টারপ্রাইজ প্রডাক্টস একটি আমেরিকান প্রাকৃতিক গ্যাস এবং অপরিশোধিত তেলের পাইপলাইন কোম্পানি 
bin_5958_9101341227.wav	 ই_letter মেল বাতিল করা হচ্ছে 
bin_5958_9290337894.wav	 মনিকা বাত্রা 
bin_5958_9372913125.wav	 পিটিটি একটি থাই রাষ্ট্রীয় মালিকানাধীন সেট তালিকাভুক্ত তেল ও_letter গ্যাস কোম্পানি 
bin_5958_9530155102.wav	 আজ কলকাতাতে বাতাসের গতিবেগ এর পূর্বাভাস 
bin_5958_9697200128.wav	 শ্যামবাজার পাঁচ মাথার মোডে বাম দিকে চলুন 
bin_5958_9758655686.wav	 চৌমাথায় মুর্শিদাবাদ  বহরমপুর  পলাশী মহাসড়ক এ_letter সোজাসুজি চলতে থাকুন 
bin_5958_9978592381.wav	 তোমার ছেলে কি করে_finite 
bin_9169_0284084799.wav	 বালিশটা পরিষ্কার নয় 
bin_9169_0316042266.wav	 শিলিগুড়ি 
bin_9169_0324796488.wav	 চন্দননগর  কলকাতা মহাসড়কে থাকতে ডান দিক ধরুন 
bin_9169_0356051425.wav	 সুইমিং শুরু হচ্ছে 
bin_9169_0364869024.wav	 এইচপি কম্পিউটার পণ্য ব্যাটারি লাইফ বিশ মিনিট 
bin_9169_0396466220.wav	 স্পেন্সের্স খাদ্য ও_letter অনুষঙ্গ খাতের তালিকাভুক্ত একটি প্রতিষ্ঠান 
bin_9169_0420109500.wav	 রাজারহাট 
bin_9169_0522552240.wav	 চৌমাথায় সিউড়ি লাভপুর মহাসড়কের দিকে অথবা কাটোয়া সড়কের দিকে প্রথম প্রস্থান ধরুন 
bin_9169_0530896964.wav	 আপনার দেয়া ফোন নাম্বার পাওয়া যাচ্ছেনা তালিকা থেকে একটি নাম্বার বাছাই করুন 
bin_9169_0658611096.wav	 লালন 
bin_9169_0849201740.wav	 দুঃখিত লেবেলটি কি 
bin_9169_0857928822.wav	 আচ্ছা ষোলই অক্টোবর আপনি কি এটা সংরক্ষণ করতে চান 
bin_9169_0885761428.wav	 টার্গেট এর সিইও ব্রায়ান সি কর্নেল 
bin_9169_0976565925.wav	 আপনি কারোর কাছে বার্তা পাঠাতে চান 
bin_9169_0992145754.wav	 শ্যামবাজার পাঁচ মাথার গোলচত্বরে বিধান সরণী এর প্রথম প্রস্থান ধরুন 
bin_9169_1101311178.wav	 এই হল_verb আপনার অনুবাদ 
bin_9169_1121279415.wav	 জেএফকে থেকে এলএএক্স এর ইউনাইটেড এয়ারলাইনস ফ্লাইট চৌদ্দ শ_letter বাহাত্তর আজ দুপুর তিন টেয় পৌঁছাবে 
bin_9169_1155662419.wav	 এভারেডি ভারতের সবচেয়ে বড় ব্যাটারি উৎপাদন এবং আইএসও সার্টিফাইড কোম্পানি 
bin_9169_1166502895.wav	 এই নাও তোমার ব্যগ 
bin_9169_1178691760.wav	 এইগুলো আপনার জি মেইলের বার্তা 
bin_9169_1248946103.wav	 ঠিক আছে ছবিগুলো বিড়ালগুলোর 
bin_9169_1320343069.wav	 আমাদের খুব তারাতারিই একটি সমাধান খুঁজে বার করতে হবে 
bin_9169_1325454053.wav	 বরানগর 
bin_9169_1376512884.wav	 এটা আপনার সন্ধ্যা সাত টার রিমাইন্ডার আপনি কি এটা সেট করতে চান 
bin_9169_1414779587.wav	 দশ মাইলের বেশি দূরত্বে অবস্থিত ঝরনা গুলির তালিকা দেয়া হল_verb 
bin_9169_1593285315.wav	 শিলিগুড়ি  জলপাইগুড়ি মহাসড়ক এর সাথে চলতে থাকুন 
bin_9169_1653938105.wav	 ডাকার সেনেগালের রাজধানী 
bin_9169_1659854306.wav	 কোন_noun ই_letter মেইলের ঠিকানা 
bin_9169_1770824793.wav	 এই বছর প্রকৌশল খাতের কোম্পানি রতনপুর স্টিল রি রোলিং মিলস এন থেকে এ_letter ক্যাটাগরিতে উন্নীত হয়েছে 
bin_9169_1804345961.wav	 এই মাছগুলো তাহো লেকে পাওয়া যায় 
bin_9169_1809852320.wav	 মানিকতলার জন্য আজকের সর্বোচ্চ তাপমাত্রার পূর্বাভাস হল_verb চৌত্রিশ ডিগ্রি সেলসিয়াস 
bin_9169_1960461268.wav	 শ্রী রত্ন লক্ষ্মী স্পিনিং মিলস নামিদামি বিদেশি ব্র্যান্ডের সাথে ব্যবসায়িক সম্পর্ক স্থাপন করেছে 
bin_9169_1986314235.wav	 এরা কোল্ডপ্লে ব্যান্ডের সদস্য 
bin_9169_1996171071.wav	 কাল_noun রাতে আমি দেরি করে_participle ফিরেছিলাম 
bin_9169_2001147335.wav	 যতীন্দ্রমোহন বাগচী ছিলেন একজন বাঙালি কবি ও_letter সম্পাদক 
bin_9169_2304077695.wav	 আপনারা কি আসতে চান 
bin_9169_2351827779.wav	 বিসাউ গিনি বিসাউয়ের রাজধানী 
bin_9169_2399338674.wav	 আলিয়াঞ্জ জার্মান বহুজাতিক আর্থিক পরিষেবা কোম্পানি 
bin_9169_2503038723.wav	 অনেক দিন আগের কোন_pronoun এক শুক্রবারের দুপুরের রান্না 
bin_9169_2544904609.wav	 আপনি কাকে বার্তা পাঠাতে চান 
bin_9169_2577286226.wav	 রিলায়েন্স শিপ ব্রেকার্স রিলায়েন্স গ্রুপ অব ইন্ডাস্ট্রিজ এর একটি সহযোগী প্রতিষ্ঠান 
bin_9169_2592517127.wav	 জামালপুর  ভাগলপুর মহাসড়ক ধরেই থাকুন 
bin_9169_2592851114.wav	 আজকের তারিখ কত 
bin_9169_2613602800.wav	 রানিগঞ্জ অন্ডাল মহাসড়ক থেকে ডান দিকে চলুন 
bin_9169_2622115946.wav	 রবীন্দ্রনাথ ঠাকুরের পিতার নাম দেবেন্দ্রনাথ ঠাকুর 
bin_9169_2779106206.wav	 জামালপুর  ভাগলপুর মহাসড়কে বাম দিকে বাঁক নিন 
bin_9169_2823610355.wav	 ন্যাশনাল ফিড মিল পোল্ট্রি পশুসম্পদ ও_letter অ্যাকুয়াটিক ফিড ব্যবসায় তার যাত্রা শুরু করার জন্য প্রস্তুত 
bin_9169_2915382397.wav	 চায়না ডেভেলপমেন্ট ব্যাংক মাঝারি দীর্ঘমেয়াদী অর্থায়ন সুবিধা দিয়ে দেশের উন্নয়নে সহায়তা করে_finite 
bin_9169_2967903360.wav	 রামপুরহাট  স্নায়িথিয়া মহাসড়কে বাম দিকে বাঁক নিন 
bin_9169_2987079041.wav	 মালা কেমিকেলস এন্ড ফার্মাসিউটিক্যালস ইন্ডাস্ট্রিজ পরবর্তীতে ওরিয়ন ইনফিউশন নাম ধারণ করে_finite 
bin_9169_3064959962.wav	 পরিচিতি খোঁজা বাতিল করা হচ্ছে 
bin_9169_3097904630.wav	 বন্দর সেরি বেগাওয়ান ব্রুনাইর রাজধানী 
bin_9169_3216683541.wav	 সিভিএস হেলথ আমেরিকান খুচরা বিক্রেতা ও_letter স্বাস্থ্যসেবা কোম্পানি 
bin_9169_3217183278.wav	 এক্সপ্রেস স্ক্রিপ্টস মার্কিন যুক্তরাষ্ট্রের বৃহত্তম ফার্মেসি বেনিফিট ব্যবস্থাপনা সংস্থা 
bin_9169_3410965206.wav	 দিগ জ্যাম ভারতের অন্যতম বৃহত্তম টেক্সটাইল মিল 
bin_9169_3412532554.wav	 এই হল_verb আপনার রিমাইন্ডার যখন আপনি জর্জ ক্লুনির সাথে ছিলেন আপনি কি এটা পুনরায় সেট করতে চান 
bin_9169_3440351861.wav	 ইউনাইটেড এয়ারলাইনস তিন ছয় তিন এর যাত্রা বিলম্বিত হয়েছে আজকে দুপুর তিন টে তে ছাড়বে 
bin_9169_3503166825.wav	 হ্যা আজকে কলকাতায় রোদ উঠতে পারে 
bin_9169_3507440500.wav	 নেক্সাস ষোল এর প্রসেসর স্পীড দশ মেগাহার্টজ 
bin_9169_3522209596.wav	 হলদিয়া 
bin_9169_3531841960.wav	 প্রাইস এক হাজার চারশ ডলার  এ_letter উঠেছে 
bin_9169_3541967784.wav	 তারা পাঁচ উইকেটে জিতে গেছে 
bin_9169_3566631510.wav	 আপনি ক্লান্ত তাই না 
bin_9169_3686219150.wav	 সেন্ট জন্‌স এন্টিগুয়া ও_letter বারবুডার রাজধানী 
bin_9169_3718188337.wav	 কলকাতা জাতীয় জাদুঘর এর প্রদর্শনীতে যেসব শিল্পকর্ম রয়েছে 
bin_9169_3769837824.wav	 জামালপুর ভাগলপুর মহাসড়কের দক্ষিণ পূর্বে মুখ করে_participle চলুন 
bin_9169_3787422337.wav	 প্রি মার্কেট ট্রেডিং এ_letter গুগল দুই দশমিক তিন শতাংশ নেমে সাতশো পঞ্চাশ ডলার এ_letter ঠেকেছে 
bin_9169_3806170621.wav	 তিনি ফাইন আর্স্ট পরীক্ষায় উত্তীর্ণ হন 
bin_9169_3861526353.wav	 ই_letter এম বাইপাসের পাশে সাইন্স সিটি আছে 
bin_9169_3885159832.wav	 বেঙ্গল শব্দটি সংস্কৃত বঙ্গ শব্দের অপভ্রংশ 
bin_9169_3897006287.wav	 তিরিশ ডিগ্রি সেলসিয়াস তাপমাত্রার সাথে কালবৈশাখী 
bin_9169_3909103574.wav	 বরানগর  ব্যারাকপুর মহাসড়ক দুই শ_letter গজ সামনে 
bin_9169_3960831889.wav	 ভারতে বিবেকানন্দকে বীর সন্ন্যাসী নামে অভিহিত করা হয় 
bin_9169_4021423917.wav	 কিতো ইকুয়েডরের রাজধানী 
bin_9169_4033439839.wav	 পিকনিক গার্ডেন রোড এ_letter থাকতে ডান দিক ধরুন 
bin_9169_4097359625.wav	 তেল অভিভ ইসরাইল এর রাজধানী 
bin_9169_4103229007.wav	 কোন_noun জন 
bin_9169_4120957864.wav	 এখানে যমুনা নদীর সেতুসমূহ আছে 
bin_9169_4140401029.wav	 দেশের প্রতিটি জেলায় এল_english আই সি লাইফ ইন্স্যুরেন্স এর শাখা রয়েছে 
bin_9169_4155276809.wav	 ইন্টারন্যাশনাল লিজিং অ্যান্ড ফিন্যান্সিয়াল সার্ভিসেস একটি যৌথ উদ্যোগ আর্থিক প্রতিষ্ঠান 
bin_9169_4201012378.wav	 ঈশ্বর চন্দ্র বিদ্যাসাগর আঠারো শ_letter কুড়ি সালের ছাব্বিশে সেপ্টেম্বর পশ্চিম মেদিনীপুর জেলার বীর সিংহ গ্রামে জন্মগ্রহণ করেন 
bin_9169_4244173250.wav	 গুগল এখন প্রি মার্কেট ট্রেডিংয়ে সাতশ পাঁচ টাকা রাখছে 
bin_9169_4295782743.wav	 এইগুলো কোল্ডপ্লের কয়েকটি গান 
bin_9169_4314537166.wav	 হেলসিঙ্কি ফিনল্যান্ডের রাজধানী 
bin_9169_4324804479.wav	 আপনাকে স্বাগতম 
bin_9169_4395911536.wav	 কলম্বো শ্রীলঙ্কার রাজধানী 
bin_9169_4411173985.wav	 আলজিয়ার্স আলজেরিয়ার রাজধানী 
bin_9169_4413174383.wav	 কোনটা 
bin_9169_4490658790.wav	 মহাত্মা গান্ধী রোড ডানে 
bin_9169_4614846150.wav	 যাবেন না 
bin_9169_4670036083.wav	 কেনা বেচার পরে মূল্য দুই দশমিক তিন শতাংশ কমে সাতশো পঞ্চাশ ডলার হয়েছে 
bin_9169_4684846432.wav	 এখনও বুঝতে পারিনি সামনের দিকে এগোতে স্পর্শ করুন 
bin_9169_4773744230.wav	 জিমেলে কোন_pronoun হোটেল ভাড়ার রিজার্ভেশন পাওয়া যায়নি 
bin_9169_4800887065.wav	 জয় এর মাঠে দীর্ঘতম গোল দশ মিটার 
bin_9169_4892562104.wav	 আমি এখনই খেলাম 
bin_9169_5091431854.wav	 ইন্ডিয়া  কানাডার খেলা নভেম্বরের সাত তারিখ বিকাল চারটেয় ইএসপিএনে দেখানো হবে 
bin_9169_5138714619.wav	 আপনি কি অনুগ্রহ করে_participle আর একবার বলতে পারবেন 
bin_9169_5236113636.wav	 ই_letter এম বাইপাস এ_letter ডান দিকে বাঁক নিন 
bin_9169_5267343939.wav	 বার্তাটা কি 
bin_9169_5324757682.wav	 আচার্য জগদীশ চন্দ্র বসু রোড এ_letter থাকতে অল্প ডান দিক ধরুন 
bin_9169_5405363914.wav	 রেসিপি সহ পোষ্ট দেব দেব করে_participle সময় পার হয়ে যাচ্ছে 
bin_9169_5443722600.wav	 জেএফকে থেকে এলএএক্স এর ইউনাইটেড এয়ারলাইনস ফ্লাইট চৌদ্দ শ_letter বাহাত্তর আগস্টের তিন তারিখ দুপুর তিন টেয় ছেড়ে যাবে 
bin_9169_5691445228.wav	 ইউনাইটেড এয়ারলাইন্স এর ফ্লাইট নং চৌদ্দ শ_letter বাহাত্তর আগামীকাল দুপুর তিন টে পর্যন্ত দেরি হবে 
bin_9169_5831865370.wav	 মুহাম্মদ ইউনূস বাংলাদেশী নোবেল পুরস্কার বিজয়ী ব্যাংকার ও_letter অর্থনীতিবিদ 
bin_9169_5938677957.wav	 চায়না ন্যাশনাল বিল্ডিং মেটেরিয়ালস গ্রুপ শেয়ারহোল্ডিং কোম্পানি 
bin_9169_5948538364.wav	 বিএএসএফ বিশ্বের বৃহত্তম রাসায়নিক উৎপাদক কোম্পানি 
bin_9169_6005288869.wav	 বেলগ্রেড সার্বিয়ার রাজধানী 
bin_9169_6047194772.wav	 বিমা নিরাপত্তার জন্য কন্টিনেন্টাল ইন্স্যুরেন্স এর বেশ কিছু পণ্য বা স্কিম রয়েছে 
bin_9169_6051271684.wav	 বোলপুর গুসকরা সড়ক ধরে_participle অল্প বাম দিকে 
bin_9169_6138703819.wav	 অনুরোধ বাতিল করা হচ্ছে 
bin_9169_6151765179.wav	 সুকান্ত ভট্টাচার্য একজন বিখ্যাত বাঙালি কবি 
bin_9169_6177672136.wav	 আমি বিলটা মিটিয়ে দেব 
bin_9169_6284995121.wav	 প্রিমিয়ার সিমেন্ট মিলস এখন অধিক বিক্রিত সিমেন্ট 
bin_9169_6307520326.wav	 আমি তোমার পাশে বসলে কিছু মনে করবে 
bin_9169_6363083197.wav	 এখানে তিন গোয়েন্দা সিরিজের বইগুলো আছে 
bin_9169_6433718984.wav	 সিক্স ফ্ল্যাগের রাইডে যা রয়েছে 
bin_9169_6465047658.wav	 ওটা কি কোলকাতায় থামে 
bin_9169_6467320296.wav	 নিকোসিয়া সাইপ্রাসের রাজধানী 
bin_9169_6488061912.wav	 এল_english আল দুটো ই_letter যথাসময়ে আছে 
bin_9169_6519943323.wav	 কেউ জানতে পারবে না 
bin_9169_6572434500.wav	 কাল_noun সকালে এই সিনেমাগুলো কলকাতার আশপাশের থিয়েটারগুলোয় চলবে 
bin_9169_6719569073.wav	 মুজতবা আলী শান্তিনিকেতনে পড়ার সময় বিশ্বভারতী নামের ম্যাগাজিনে লিখতেন 
bin_9169_6743346094.wav	 প্রিন্সেপ ঘাট  আলিপুর মহাসড়ক ফেরি ধরুন 
bin_9169_6749956189.wav	 বৈদ্য পাড়া 
bin_9169_6793339026.wav	 প্রি মার্কেট ট্রেডিং এ_letter মূল্য দুই দশমিক তিন শতাংশ নেমে সাতশো পঞ্চাশ ডলার এ_letter ঠেকেছে 
bin_9169_6808205773.wav	 মূল্য দুই দশমিক তিন শতাংশ ঠেকে সাতশো পঞ্চাশ টাকায় হয়েছে 
bin_9169_6844067066.wav	 আজ নিউ ইয়র্কে মাইনাস এক ডিগ্রি সেলসিয়াস তাপমাত্রা আশা করা যায় 
bin_9169_6866227106.wav	 কি ব্যাপারে আপনাকে মনে করাবো ব্যাখ্যা করুন 
bin_9169_6882008963.wav	 আমি তাঁদের দেখতে পেলাম 
bin_9169_6895038411.wav	 জনসন এন্ড জনসন শিশুদের ত্বকে ক্ষতি করে_participle না 
bin_9169_7030223211.wav	 এইগুলো নার্সিংহোমের ব্যবসায়িক কার্যক্রমের সময় 
bin_9169_7044037858.wav	 তৃথার বয়স তখন মাত্র পাঁচ বছর 
bin_9169_7136956883.wav	 আমাদের সাহায্য কর_verb 
bin_9169_7208701022.wav	 বিরতি দেয়া হচ্ছে 
bin_9169_7232240331.wav	 ইন্দিরা গান্ধীর মায়ের নাম কমলা নেহেরু 
bin_9169_7284157592.wav	 মহাত্মা গান্ধী রোডের সাথে চলতে থাকুন 
bin_9169_7304570134.wav	 আই জি এস_en সিএনজি ফিলিং সার্ভিসেস সিএনজি সার্ভিসেস দিয়ে থাকে 
bin_9169_7383636372.wav	 ডয়চে ব্যাংক জার্মান মালিকানাধীন বৃহৎ ব্যাংক 
bin_9169_7431747044.wav	 রানিগঞ্জ অন্ডাল মহাসড়ক ধরে_participle বাম দিক থেকে বাঁক নিন 
bin_9169_7515250907.wav	 প্রাগ চেক প্রজাতন্ত্রের রাজধানী 
bin_9169_7623241958.wav	 ইসলামিক ফাইন্যান্স অ্যান্ড ইনভেস্টমেন্ট বিভিন্ন ধরনের অ্যাকাউন্টের মাধ্যমে আমানত সংগ্রহ করে_finite 
bin_9169_7639329744.wav	 এখানে মেক্সিকো ও_letter ক্যামেরুনের খেলার সময়সীমা দেয়া আছে 
bin_9169_7694678678.wav	 এসএআইসি মোটর একটি চীনা সরকারি মালিকানাধীন গাড়ি কোম্পানি 
bin_9169_7713912286.wav	 নিউ ইয়র্কের তাপমাত্রা আজ সর্বোচ্চ চৌত্রিশ ডিগ্রী সেলসিয়াস হতে পারে 
bin_9169_7720459749.wav	 এই যন্ত্রে মিডিয়া পরিচালনা করা সম্ভব নয় 
bin_9169_7828741268.wav	 প্রথমইনিংস এ_letter শিখর ধাওয়ান চৌত্রিশ ও_letter ঋধীমান সাহা তেইশ এ_letter অবস্থান করছে 
bin_9169_7942747328.wav	 ইউনাইটেড এয়ারলাইন্স তিন ছয় তিন যথাযথ সময়ে আছে এটি আগামিকাল দুপুর তিন টায় ছেড়ে যাবে 
bin_9169_7965617387.wav	 সোমবারে সকাল এগারো টা থেকে বেলা তিন টে পর্যন্ত এবং সন্ধ্যা সাত টা থেকে দশ টা পর্যন্ত খোলা 
bin_9169_7969148620.wav	 সিঁথি 
bin_9169_8027898340.wav	 আবুল বরকতের জন্ম অবিভক্ত ভারতবর্ষের মুর্শিদাবাদ জেলার ভরতপুর থানার বাবলা গ্রামে 
bin_9169_8043309810.wav	 সত্যজিতের পরবর্তী ছবি অপরাজিত এর সাফল্য তাঁকে আন্তর্জাতিক মহলে আরও পরিচিত করে_participle তোলে 
bin_9169_8069259462.wav	 আপনি কোথায় যেতে চান 
bin_9169_8083338361.wav	 আপনাকেও ধন্যবাদ 
bin_9169_8109561360.wav	 টেগোর পার্ক 
bin_9169_8138992258.wav	 আইবিএম আমেরিকান বহুজাতিক প্রযুক্তি ও_letter পরামর্শ বিষয়ক প্রতিষ্ঠান 
bin_9169_8308123490.wav	 দুঃখিত আপনি কাকে টেক্সট করতে চান 
bin_9169_8322492416.wav	 প্রিন্সেপ ঘাট  আলিপুর মহাসড়ক এ_letter অল্প বাম দিকে 
bin_9169_8364188977.wav	 প্লেইন্স জিপি হোল্ডিংস এর হেডকোয়ার্টার টেক্সাস এ_letter অবস্থিত 
bin_9169_8424346653.wav	 তুমি নাচতে পার তাই না 
bin_9169_8438811894.wav	 মমতা ব্যানার্জি 
bin_9169_8570538230.wav	 তোমরা কি আমার কথা বুঝতে পারছ 
bin_9169_8570586978.wav	 লন্ডন যুক্তরাজ্যের রাজধানী 
bin_9169_8621819888.wav	 ড্রিউ ব্রীস এর পাঁচটি ফিরতি পান্ট অনুমোদিত 
bin_9169_8688993476.wav	 অধ্যাপনার মাধ্যমেই তাঁর কর্মময় জীবন শুরু 
bin_9169_8691335429.wav	 নতুন দিল্লি ভারতের রাজধানী 
bin_9169_8705816725.wav	 ওয়ার্কআউট শুরু হচ্ছে 
bin_9169_8707453901.wav	 কলকাতায় বর্তমান তাপমাত্রা চৌত্রিশ ডিগ্রি সেলসিয়াস 
bin_9169_8853581944.wav	 গ্রীষ্ম শেষ হয়ে গেছে 
bin_9169_8861400343.wav	 তিনি আমার সঙ্গে হাসপাতালে গেছিলেন 
bin_9169_8923216124.wav	 কলকাতা পশ্চিম বঙ্গের রাজধানী 
bin_9169_8948457595.wav	 ইয়ারেন নাউরুর রাজধানী 
bin_9169_8954570261.wav	 আমি এতে গর্বিত নই 
bin_9169_8957148062.wav	 আপনি প্রথম মানুষ নন যে আমাকে এই কথাটা বলেছে 
bin_9169_8993731676.wav	 আপনার ফ্লাইট তিন আগস্ট দুপুর তিনটেতে প্রস্থান করবে 
bin_9169_9029933980.wav	 বাঁকুড়া  বিষ্ণুপুর সড়কে অল্প ডান দিকে 
bin_9169_9065491399.wav	 বের্ন সুইজারল্যান্ডের রাজধানী 
bin_9169_9129088134.wav	 সুদীপ্ত উনিশ শো ছত্রিশ সালের এগারো জুলাইমুর্শিদাবাদ জেলার রামপুর গ্রামে জন্মগ্রহণ করেন 
bin_9169_9142863956.wav	 রিলায়েন্স টেলিকম এর ক্রেডিট রেটিং গ্রেড এ_letter প্লাস 
bin_9169_9172808279.wav	 কোন_noun অ্যালার্ম অ্যাপটি 
bin_9169_9201402196.wav	 এবং কখন পুনরাবৃত্তি করতে হবে 
bin_9169_9223731222.wav	 মহাশ্বেতা দেবী একজন ভারতীয় লেখিকা কথাসাহিত্যিক শিক্ষাবিদ এবং আধুনিক কালে তৃনমূল দলের নেত্রী 
bin_9169_9231078001.wav	 দয়া করে_participle আমার মালপত্রটা দেখবেন 
bin_9169_9279365181.wav	 গুয়াতেমালা সিটি গুয়াতেমালার রাজধানী 
bin_9169_9282773537.wav	 সোনিয়া গান্ধীর স্বামী রাজীব গান্ধী 
bin_9169_9338907921.wav	 ট্রেডিং প্রাইস সাতশো পঞ্চাশ ডলার 
bin_9169_9338944205.wav	 আপনার একটি হোটেল রিজার্ভেশন আছে 
bin_9169_9341088845.wav	 দুজন বন্ধুকে নিয়ে নরেন্দ্রনাথ দক্ষিণেশ্বরে আসেন 
bin_9169_9423146270.wav	 আমি আমার টিকিটটি পালটাতে চাই 
bin_9169_9503748817.wav	 ইভেন্টটি কখন 
bin_9169_9611681045.wav	 সোমবারে সকাল এগারো টা থেকে বেলা তিন টা পর্যন্ত খোলা 
bin_9169_9717683207.wav	 শিলিগুড়ি  জলপাইগুড়ি মহাসড়ক এর সাথে এগিয়ে চলুন 
bin_9169_9777646480.wav	 এস_en এস_en কে এম হাসপাতাল ভবানীপুরে অবস্থিত 
bin_9169_9820353752.wav	 দুঃখিত কখন 
bin_9169_9834701658.wav	 আফটার আওয়ার ট্রেডিং এ_letter মূল্য দুই দশমিক তিন শতাংশ বেড়ে সাতশো পঞ্চাশ টাকা হয়েছে 
bin_9169_9939291994.wav	 এমিলির গড়ে দুইটি গোল আছে 
